BFN,LICENSE_TYPE,LICENSE_SUB_TYPE,LICENSE_STATUS,EXPIRATION_DATE,ENTITY_NAME,ESTABLISHMENT_ADDRESS
2019-BFN-0003111,Retail Food Establishment,Restaurant - Stand-Up,Pending,4/12/19 10:11,PRANA INC,1375 E 19th   Denver 80218
2019-BFN-0007173,Short Term Rental,NA,Pending,7/30/19 20:39,JESSE LOPER,2849 N Ivanhoe ST  Denver 80207
2018-BFN-0007588,Kennel,NA,Pending,10/5/18 13:50,"PETSMART, INC #0231",2780 S Colorado Blvd  Denver 80222
2019-BFN-0005222,Tree Service Company,NA,Pending,12/31/19 0:00,MIGUEL PEREZ,5544  TUCSON ST  DENVER 80239
2019-BFN-0004047,Food - Wholesale,"Packaged, Bottled, Canned",Pending,5/8/19 13:18,"OH MY GREEN, INC",4920  FOX ST UNIT G DENVER 80216
2019-BFN-0002795,Tree Service Company,NA,Pending,12/31/19 0:00,ROBERT SPRINGER,80  Clear Creek LN 4 Golden 80403
2019-BFN-0004988,Combined License,NA,Pending,6/4/19 15:27,BP SUSHI CO LLC,4404 N Yates St  Denver 80212
2019-BFN-0004829,Combined License,NA,Pending,5/30/19 11:28,"POSTINO DENVER 9CO, LLC",830 N Colorado Blvd  Denver 
2019-BFN-0001552,Combined License,NA,Pending,2/22/19 14:01,SAPORE- PARK HILL LLC,2245 N Kearney St 101 Denver 
2019-BFN-0007030,Amusement Facility - Permanent,NA,Pending,7/29/19 9:39,sadfg,400 N Leyden St  Denver 80220
2019-BFN-0006094,Short Term Rental,NA,Pending,7/8/19 11:39,MARIO GASBARRO,4177 N Utica ST  Denver 80212
2019-BFN-0000265,Combined License,NA,Pending,1/9/19 14:46,WHITE DIAMOND EVENTS LLC,10175 E Hampden Ave  Denver 80231
2019-BFN-0001812,Short Term Rental,NA,Pending,3/4/19 17:50,LINDA NATH,2103 W 32nd AVE 3 Denver 80211
2019-BFN-0002299,Food - Retail,Multi-Use,Pending,3/19/19 13:50,"KIM MINH, LLC",1133 W 8th Ave  Denver 80204
2019-BFN-0005480,Combined License,NA,Pending,6/19/19 13:29,"PARK HILL SUSHI CO, LLC",4900 E Colfax Ave A Denver 80220
2019-BFN-0004525,Combined License,NA,Pending,5/21/19 15:33,"WILLIAN LYON HOMES, INC.",4746 N Jasper St  Denver 
2018-BFN-0008764,"Parking Lot, Garage",NA,Pending,11/27/18 10:51,INTERSTATE COMPANY OF COLORADO LLC,1900 N Grant St  Denver 80203
2019-BFN-0007295,Liquor,Special Events,Pending,8/1/19 11:19,GOODSPARK,4180  WYNKOOP   DENVER 
2019-BFN-0006151,Short Term Rental,NA,Pending,7/9/19 12:00,MICHAEL TRIPLETT,1263 N Xavier ST  Denver 80204
2019-BFN-0006857,Retail Food Establishment,Restaurant - Temporary,Pending,7/25/19 8:42,Maski on Broadway,950  Broadway    
2018-BFN-0007438,Retail Food Establishment,Mobile,Pending,10/1/18 11:31,DENVER STREET KITCHEN,6089 S UKRAINE CIR  AURORA 80015
2019-BFN-0006775,Liquor,Special Events,Pending,7/24/19 13:11,SPIN ENTERPRISES INCORPORATED,1437 N Bannock St  Denver 80202
2018-BFN-0006874,Retail Marijuana Inf Prod Mfg,NA,Pending,9/12/18 12:10,"DRAGON BREATH FARM, INCORPORATED",4985 N Colorado Blvd  Denver 80216
2019-BFN-0003519,Combined License,NA,Pending,4/23/19 14:29,"HONEY, LTD",2636  Walnut St  Denver 80205
2019-BFN-0001562,Combined License,NA,Pending,2/22/19 15:25,CRP/ZCD GROVE LLC,2980 N Syracuse St  Denver 80238
2019-BFN-0004873,Short Term Rental,NA,Pending,5/31/19 8:50,JOSEPH PATIERNO,1159 N Logan ST  Denver 80203
2019-BFN-0006569,Food - Retail,"Milk, Dairy, Prepackaged Meats",Pending,7/19/19 9:53,CANTEEN CORP,400 S Zuni St  Denver 80223
2018-BFN-0005828,Combined License,NA,Pending,8/7/18 16:03,TOWER ROAD LODGING LLC,5980 N Tower Rd  Denver 
2019-BFN-0006129,Short Term Rental,NA,Pending,7/8/19 15:27,JOSHUA DEMBY,2243 W 32nd AVE 7 Denver 80211
2019-BFN-0000838,Cannabis Consumption,Special Events,Pending,1/30/19 9:15,HTBX LLC,3102  BLAKE ST  DENVER 80205
2019-BFN-0001400,Med Marijuana Inf Prod Manuf,NA,Pending,2/19/19 11:07,"NUHI, LLC",4929 N Ironton St  Denver 80239
2019-BFN-0003444,Private Security Employer,NA,Pending,4/22/19 11:14,Denver Art Museum,      
2019-BFN-0005500,Short Term Rental,NA,Pending,6/19/19 16:16,CHRISTINA DITRAGLIA,3654 N Mariposa ST  Denver 80211
2017-BFN-0007504,Retail Food Establishment,Restaurant,Pending,9/27/17 16:10,ALVARADO CONCEPTS LLC,2975 W 51ST AVE  DENVER 80221
2019-BFN-0002091,Retail Food Establishment,Restaurant,Pending,3/12/19 9:53,OCEDON COMPANIES II,1010 W Colfax Ave  Denver 80204
2019-BFN-0002252,Short Term Rental,NA,Pending,3/18/19 14:13,PAUL TIGHE,1321 N Elati ST  Denver 80204
2019-BFN-0002055,Retail Food Establishment,Restaurant,Pending,3/11/19 13:19,GARBANZO MEDITERRANEAN GRILL LLC,1350  16th St  Denver 80202
2019-BFN-0007229,Waste Hauler,NA,Pending,7/31/19 14:14,BRICKER WILSON CONSTRUCTION LLC,2279  PO BOX   ENGLEWOOD 80150
2019-BFN-0005664,Swimming Pool,NA,Pending,6/25/19 10:32,ECHELON PROPERTY GROUP LLC,645 N Wolff St  Denver 80204
2019-BFN-0002622,Retail Food Establishment,Restaurant,Pending,3/29/19 10:33,SUBWAY REAL ESTATE CORP,3100 S Sheridan Blvd 1-A Denver 
2019-BFN-0001401,Combined License,NA,Pending,2/19/19 11:26,DIA YAMPA STREET DEVELOPMENT LLC,6951 N Yampa   Denver 80249
2018-BFN-0008256,Retail Food Establishment,Restaurant - Stand-Up,Pending,10/30/18 14:33,DELI ESPRESSO LLC,1777 S Harrison  GR Denver 80210
2019-BFN-0005552,Combined License,NA,Pending,6/21/19 8:20,CHERRY CREEK TOWER CONDOMINIUMS,3100 E Cherry Creek South Dr  Denver 80209
2018-BFN-0007790,Garage - Repair of Motor Vehic,NA,Pending,10/15/18 13:15,DENVER AUTO CARE LLC,2420 S Federal Blvd  Denver 80219
2019-BFN-0005749,Short Term Rental,NA,Pending,6/27/19 9:55,JUSTIN LISOWSKI,1215 E Iowa AVE  Denver 80210
2019-BFN-0005541,Short Term Rental,NA,Pending,6/20/19 14:33,CHRISTINA OSTROM,3901 N Utica ST  Denver 80212
2019-BFN-0006955,Retail Food Establishment,Mobile,Pending,7/26/19 12:44,BREADHEADY LLC,5640 W 29TH AVE  WHEAT RIDGE 80214
2018-BFN-0006287,In-House Security,NA,Pending,8/22/18 12:45,GREGORY GALLAGHER,8 N Broadway   Denver 80203
2018-BFN-0007652,Retail Marijuana Inf Prod Mfg,NA,Pending,10/9/18 12:49,NORTHWEST CONFECTIONS COLORADO LLC,2670 S Delaware St  Denver 80223
2019-BFN-0006570,Retail Food Establishment,Restaurant,Pending,7/19/19 10:14,GROUNDS FOR DISMISSAL LTD,10065 E Harvard Ave 100 Denver 80231
2019-BFN-0006203,Lodging Facility,NA,Pending,7/10/19 10:22,BLAKE STREET HOSPITALITY LLC,3198  Blake St  Denver 80205
2019-BFN-0001017,Lodging Facility,NA,Pending,2/5/19 15:53,S&S MOTEL LLC,8415 E Colfax Ave  Denver 80220
2019-BFN-0004779,Combined License,NA,Pending,5/29/19 12:47,"THE ESCAPIST DENVER, LLC",921  9TH   DENVER 
2019-BFN-0005018,Food - Retail,"Milk, Dairy, Prepackaged Meats",Pending,6/5/19 12:10,"VERBENA CORNER MARKET, LLC",8332 E Colfax Ave  Denver 80220
2019-BFN-0006949,Retail Food Establishment,Mobile,Pending,7/26/19 11:36,BRIDGE & TUNNEL RESTAURANT GROUP,3357  DOWNING ST  DENVER 80205
2019-BFN-0005078,Swimming Pool,NA,Pending,6/6/19 15:45,MONACO  PLACE ASSOCIATION,3355 S Monaco Street Pkwy  Denver 
2019-BFN-0007045,Food - Retail,Multi-Use,Pending,7/29/19 11:44,DWOOD LLC,1525 N Sherman St  Denver 80203
2019-BFN-0002879,Short Term Rental,NA,Pending,4/5/19 10:36,GAVIN LIGHT,1777  Chestnut PL 926 Denver 
2018-BFN-0005574,Child Care Center,NA,Pending,7/27/18 10:25,SPRINGBOARD EDUCATION IN AMERICA,7808 E Cherry Creek South Dr 300 Denver 80231
2019-BFN-0001746,Retail Marijuana Test Facility,NA,Pending,3/1/19 10:20,LABLYTIC LLC,255 N Yuma St 101 Denver 
2019-BFN-0004285,Retail Food Establishment,Restaurant - Temporary,Pending,5/14/19 13:27,Yummy Lotus,9387  Wolfe   Highlands Ranch 80129
2019-BFN-0004369,Swimming Pool,NA,Pending,5/16/19 9:25,PEARL STREET FLATS CONDOMINIUM ASSOCIATION,250 N Pearl St  Denver 80203
2019-BFN-0001014,Lodging Facility,NA,Pending,2/5/19 15:43,WESTERNER MOTEL,8405 E Colfax Ave  Denver 80220
2019-BFN-0006261,Retail Food Establishment,Restaurant,Pending,7/11/19 12:29,TORTAS SAN PANCHO,3054 W Mississippi Ave  Denver 80219
2019-BFN-0003072,Pedal Cab Company,NA,Pending,4/11/19 12:53,PARADIGM PEDICAB,3125 N Lafayette St  Denver 80205
2019-BFN-0003201,Retail Food Establishment,Mobile,Pending,4/15/19 15:35,TACOS MAMA TERE LLC,1845  CLARK ST  AURORA 80011
2019-BFN-0007312,Retail Food Establishment,Mobile,Pending,8/1/19 11:54,AY CARAMBA BURRITO EXPRESS LLP,7371  NEWTON ST  WESTMINSTER 80030
2019-BFN-0007264,Short Term Rental,NA,Pending,8/1/19 9:34,RYAN WHIMPEY,209 N Kalamath ST 29 Denver 80223
2019-BFN-0006682,Liquor,Special Events,Pending,7/22/19 14:10,NUEVA ESCUELA DE MUSICA,7711 E Academy Blvd  Denver 80230
2019-BFN-0002062,Retail Food Establishment,Restaurant,Pending,3/11/19 14:57,OCEDON COMPANIES,7150  Leetsdale Dr H Denver 80224
2019-BFN-0001312,Food - Retail,"Milk, Dairy, Prepackaged Meats",Pending,2/14/19 15:44,HOANG H. HA,2960 S Federal Blvd 6 Denver 80236
2019-BFN-0001649,Combined License,NA,Pending,2/26/19 15:31,MONACO PARKWAY FEE OWNER LLC,240 S Monaco Street Pkwy  Denver 
2019-BFN-0003780,Swimming Pool,NA,Pending,4/30/19 9:09,"ARROWHEAD HOMEOWNERS ASSOCIATION, INC.",1792 S TRENTON ST  DENVER 80231
2019-BFN-0002144,Short Term Rental,NA,Pending,3/13/19 9:44,DREW ROBERTS,3421 N Harrison ST  Denver 80205
2017-BFN-0007483,Retail Food Establishment,Restaurant,Pending,9/27/17 13:09,ALVARADO CONCEPTS LLC,1775 E Colfax Ave  Denver 80218
2019-BFN-0002930,Child Care Center,NA,Pending,4/8/19 11:02,DENVER TOUR CLUB LLC,2500 E 4th   Denver 80206
2018-BFN-0002138,Liquor,Retail,Pending,4/11/18 12:10,"HAPPY CANYON WINE & LIQUOR, LLC",4950 E Hampden Ave  Denver 80222
2018-BFN-0008429,Short Term Rental,NA,Pending,11/6/18 9:39,LINDA GRAY,2635  17th ST  Denver 80211
2019-BFN-0006953,Liquor,Special Events,Pending,7/26/19 12:09,WEAR LOVE CLOTHING,8340  NORTHFIELD BLVD  Denver 80238
2018-BFN-0007752,Food - Wholesale,"Fresh Meats, Fish, Caterers",Pending,10/12/18 14:09,BROTHERS BBQ,500 N Grant St  Denver 80203
2018-BFN-0006523,Combined License,NA,Pending,8/30/18 14:05,MERIDIAN GARDENS APARTMENTS LLC,1001 S Havana St  Denver 
2019-BFN-0004386,Retail Marij Opt. Prem. Cultiv,NA,Pending,5/16/19 12:09,SIMPLY PURE EDIBLES COLORADO LLC,2160 S Lipan St  Denver 80223
2019-BFN-0003577,Retail Food Establishment,Restaurant,Pending,4/24/19 14:11,"TACO VELOZ, INC",5145 N Federal Blvd  Denver 80221
2019-BFN-0001859,Body Art Est - Temporary,NA,Pending,3/6/19 8:34,VILLAIN ARTS,2152 E DAUPHIN ST  DENVER 80202
2019-BFN-0007016,Short Term Rental,NA,Pending,7/27/19 8:56,KRISTIN SALVATORA,365  22nd ST 1 Denver 80205
2019-BFN-0003968,Garage - Repair of Motor Vehic,NA,Pending,5/6/19 11:28,GOINS AUTOMOTIVE,165 W Asbury Ave  Denver 80223
2019-BFN-0007019,Short Term Rental,NA,Pending,7/28/19 10:23,REBECCA PAYNE,4557 N Decatur ST  Denver 80211
2019-BFN-0000593,Combined License,NA,Pending,1/22/19 10:39,MELTED WHISKEY LLC,300 S Logan St 102 Denver 
2018-BFN-0005928,Combined License,NA,Pending,8/10/18 8:29,DUBLIN TERRACE CONDOMINIUM ASSOCIATION,1350 N Josephine St  Denver 80206
2019-BFN-0007056,Liquor,Special Events,Pending,7/29/19 13:07,VOLUNTEERS FOR OUTDOOR COLORADO,2210  California St  Denver 80205
2019-BFN-0006945,Liquor,Special Events,Pending,7/26/19 11:16,LIGHTHOUSE WRITERS WORKSHOP INC,715 S Forest St  Denver 80246
2019-BFN-0002989,Retail Food Establishment,Restaurant,Pending,4/9/19 14:11,KD BARISTAS LLC,2450 S Downing St  Denver 80210
2019-BFN-0004346,Retail Food Establishment,Mobile,Pending,5/15/19 14:38,ELAN GROUP LLC,1475 E 17th Ave  Denver 80218
2019-BFN-0005000,Retail Food Establishment,Restaurant - Temporary,Pending,6/5/19 8:23,Senoe de los Milagros,17  Vrain St   Denver 80204
2019-BFN-0007217,Short Term Rental,NA,Pending,7/31/19 12:50,VICTORIA FAITH LIERHEIMER,2376 E Iliff AVE  Denver 80210
2019-BFN-0006445,Swimming Pool,NA,Pending,7/16/19 13:59,1380 STEELE APARTMENTS LLC,1380 N Steele St  Denver 80206
2019-BFN-0006689,Private Security Employer,NA,Pending,7/22/19 15:36,Colorado Security Services Inc.,      
2019-BFN-0004243,Combined License,NA,Pending,5/13/19 13:38,THEDA LLC,1700  Platte St 140 Denver 
2019-BFN-0001845,Food - Retail,"Bakery, Deli",Pending,3/5/19 16:00,EINSTEIN AND NOAH CORP,895  COLORADO BLVD  DENVER 
2019-BFN-0004741,Amusement Facility - Temporary,NA,Pending,5/28/19 13:26,WRIGHT'S AMUSEMENTS,8340 E Northfield Blvd  Denver 80238
2019-BFN-0006907,Short Term Rental,NA,Pending,7/25/19 18:03,JONATHON WEEKS,1366 S Canosa CT  Denver 80219
2019-BFN-0005845,Private Security Employer,NA,Pending,6/28/19 15:45,Champion National Security Inc,      
2019-BFN-0007397,Short Term Rental,NA,Pending,8/1/19 20:36,DAMIR DURMO,1925 N Hooker ST  Denver 80204
2019-BFN-0007209,Liquor,Special Events,Pending,7/31/19 12:05,METRO CARING,8801 E Martin Luther King Jr Blvd  Denver 
2017-BFN-0007381,Retail Food Establishment,Restaurant - Drive-In,Pending,9/22/17 11:11,ALVARADO CONCEPTS LLC,1265 S Colorado Blvd  Denver 80246
2019-BFN-0003088,Tree Service Company,NA,Pending,4/11/19 15:25,CHRISTOPHER STRICKLAND,6541  HWY 73   EVERGREEN 80439
2019-BFN-0003654,Swimming Pool,NA,Pending,4/26/19 10:49,"DELANO APARTMENTS, LLC",1020 N Pennsylvania St  Denver 80203
2019-BFN-0000907,Combined License,NA,Pending,1/31/19 14:51,MILE HIGH CONOCO,4140 N Grape St  Denver 80216
2019-BFN-0000237,Retail Food Establishment,Restaurant,Pending,1/9/19 11:11,"HABIT CARBON II, LLC",2200  California St  Denver 80205
2019-BFN-0007198,Retail Food Establishment,Restaurant - Temporary,Pending,7/31/19 11:05,Aloy Modern Thai,2134  Larimer ST  Denver 80205
2019-BFN-0007340,Retail Food Establishment,Restaurant - Temporary,Pending,8/1/19 13:02,WoodGrain LLC,5462 N Wabash ST  Denver 80238
2018-BFN-0006979,Garage - Repair of Motor Vehic,NA,Pending,9/17/18 9:45,JBRE CO LLC,3800 N Sheridan Blvd  Denver 80212
2019-BFN-0005497,Escort Vehicle Service,NA,Pending,6/19/19 15:53,RYLAN STONE,11314 N COTTONTAIL LN  PARKER 80138
2019-BFN-0004032,Child Care Center,NA,Pending,5/8/19 8:23,CHILDREN'S WORLD SCHOOL LLC,3000 S Wadsworth Blvd  Denver 80227
2019-BFN-0003743,Tree Service Company,NA,Pending,4/29/19 11:18,COLORADO CLIMBING ARBORISTS LLC,3895  CHASE ST  WHEAT RIDGE 80212
2019-BFN-0005160,Short Term Rental,NA,Pending,6/10/19 12:14,ELISA SARGENT,2219 E 14th AVE  Denver 80206
2019-BFN-0001502,Combined License,NA,Pending,2/21/19 12:46,SHEA PROPERTIES INC,4300 S Monaco St  Denver 
2019-BFN-0007331,Short Term Rental,NA,Pending,8/1/19 12:28,BRANDON STINE,1777  Wewatta ST 1310 Denver 80202
2018-BFN-0008141,Food - Retail,Multi-Use,Pending,10/26/18 13:58,SUN VALLEY INTERNATIONAL MEAT AND SPICE STORE LLC,998 N Navajo St  Denver 
2018-BFN-0004997,Combined License,NA,Pending,7/6/18 9:42,THE BAR AT PLAZA 38 LLC,3550 W 38th Ave  Denver 
2019-BFN-0004779,Combined License,NA,Pending,5/29/19 12:47,"THE ESCAPIST DENVER, LLC",921 W 9th Ave  Denver 80204
2019-BFN-0005732,Swimming Pool,NA,Pending,6/26/19 16:03,"PARK TOWERS CONDOMINIUMS ASSOCIATIONS, INC",1299 N Gilpin St  Denver 80218
2019-BFN-0006778,Liquor,Special Events,Pending,7/24/19 13:20,WEALTH IN COMMUNITY KNOWLEDGE,3851 N Steele St B Denver 80205
2019-BFN-0006497,Retail Food Establishment,Mobile,Pending,7/17/19 15:32,YUM YUM LLC,6758 E EXPOSITION AVE  DENVER 80224
2019-BFN-0003842,Retail Food Establishment,Restaurant - Temporary,Pending,5/1/19 15:52,Viva Burrito Dev Corp,6990  Leetsdale DR  Denver 80224
2018-BFN-0006876,Retail Marij Opt. Prem. Cultiv,NA,Pending,9/12/18 12:27,"DRAGON BREATH FARM, INCORPORATED",4985 N Colorado Blvd  Denver 80216
2019-BFN-0001173,Retail Food Establishment,Restaurant - Stand-Up,Pending,2/11/19 14:30,FRESH TAKE LLC,18613  Green Valley Ranch  104 Denver 80249
2019-BFN-0000358,Lodging Facility,NA,Pending,1/11/19 15:23,"NF IV I DENVER OP CO, LLC",1725  Champa St  Denver 80202
2019-BFN-0007277,Short Term Rental,NA,Pending,8/1/19 10:14,CAMERON MASCOLL,1890 S Dale CT  Denver 80219
2019-BFN-0007093,Short Term Rental,NA,Pending,7/30/19 9:52,JASON SCHILZ,138 W 2nd AVE  Denver 80223
2019-BFN-0003859,Short Term Rental,NA,Pending,5/2/19 10:07,SPENCER CHASE,1117 S Milwaukee ST  Denver 80210
2019-BFN-0003743,Tree Service Company,NA,Pending,4/29/19 11:18,COLORADO CLIMBING ARBORISTS LLC,13745  BAYBERRY DR  BROOMFIELD 80020
2019-BFN-0002605,Short Term Rental,NA,Pending,3/28/19 16:57,DAVID FOLWELL,2100  16th ST 506 Denver 80202
2019-BFN-0001302,Combined License,NA,Pending,2/14/19 12:54,PROST BREWING COMPANY LLC,2540  19th St  Denver 80211
2019-BFN-0004781,Retail Food Establishment,Restaurant,Pending,5/29/19 13:26,HAYATI MEDITERRANEAN GRILL LLC,2958 N Downing St  Denver 80205
2019-BFN-0002620,Child Care Center,NA,Pending,3/29/19 10:14,DAY ONE LEARNING CENTER LLC,1403 N Willow St  Denver 80220
2019-BFN-0005130,Combined License,NA,Pending,6/7/19 14:12,SURESHOT LLC,1575  Boulder St A Denver 80211
2019-BFN-0006654,Retail Food Establishment,Restaurant - Temporary,Pending,7/22/19 8:55,La Changada,8923  Washington St   Thornton 80229
2018-BFN-0009253,Combined License,NA,Pending,12/21/18 10:22,DENVER DELICO,5724 E Colfax Ave  Denver 80220
2019-BFN-0006901,Short Term Rental,NA,Pending,7/25/19 16:47,KARI CLIFTON,716 S Wolff ST  Denver 80219
2019-BFN-0003256,Retail Food Establishment,Restaurant - Stand-Up,Pending,4/17/19 9:42,FOODA INC,1200  17th St 2600 Denver 80202
2019-BFN-0006079,Short Term Rental,NA,Pending,7/7/19 20:56,DIANA HARM,3950 N Kalamath ST  Denver 80211
2019-BFN-0005553,Retail Food Establishment,Restaurant,Pending,6/21/19 8:32,SODEXO AMERICA LLC,9100  Pena Blvd  Denver 80249
2019-BFN-0006413,Combined License,NA,Pending,7/16/19 9:56,KUM & GO LC,16351  Green Valley Ranch Blvd  Denver 
2019-BFN-0006858,Swimming Pool,NA,Pending,7/25/19 9:18,THE PROMONTORY CONDOMINIUM ASSOCIATION,7000 E Quincy Ave  Denver 80237
2019-BFN-0006035,Combined License,NA,Pending,7/5/19 12:10,IRP UNION DENVER APARTMENTS LLC,1770  Chestnut Pl  Denver 80202
2019-BFN-0006856,Retail Food Establishment,Restaurant - Temporary,Pending,7/25/19 8:37,Mondo Mini,2501  Dallas st    
2018-BFN-0009039,Tree Service Company,NA,Pending,12/31/19 0:00,CHRISTOPHER KITZROW,3300  BENTON ST  WHEAT RIDGE 80212
2019-BFN-0002510,Short Term Rental,NA,Pending,3/26/19 15:40,LAURIE WHITE,3876 N Federal BLVD  Denver 
2019-BFN-0005054,Swimming Pool,NA,Pending,6/6/19 10:30,CHEESMAN TOWERS CONDOMINIUM ASSOCIATION,1223  RACE ST #1200 DENVER 80206
2019-BFN-0003802,Swimming Pool,NA,Pending,4/30/19 14:28,CHERRY CREEK RES HOLDINGS LLC,100 N Saint Paul St  Denver 80206
2019-BFN-0004505,Retail Food Establishment,Restaurant - Stand-Up,Pending,5/21/19 11:03,FOODA INC,225 W RANDOLPH ST  CHICAGO 80202
2019-BFN-0006621,Liquor,Special Events,Pending,7/19/19 15:07,WEST COMMUNITY ECONOMIC DEVELOPMENT CORP,3738  Morrison Rd  Denver 80219
2019-BFN-0007096,Short Term Rental,NA,Pending,7/30/19 10:06,VIOLA ZAMORA,4476 N Walden CT  Denver 80249
2018-BFN-0009250,Tree Service Company,NA,Pending,12/31/19 0:00,CORNERSTONE TREE AND LANDSCAPE SERVICES,2883 S ZUNI ST  DENVER 80236
2019-BFN-0001698,"Parking Lot, Garage",NA,Pending,2/28/19 7:54,"LAZ PARKING MIDWEST, LLC",1200  17th St  Denver 80202
2019-BFN-0006405,Retail Food Establishment,Restaurant - Temporary,Pending,7/15/19 19:28,Ba-Nom-a-Nom,5620  Kendall Ct   Arvada 80002
2019-BFN-0006092,Retail Food Establishment,Mobile,Pending,7/8/19 11:25,CARLOS V,2639 S FLOWER CT  DENVER 80227
2019-BFN-0007387,Short Term Rental,NA,Pending,8/1/19 16:27,ADAM RACE,2816 W 26th AVE 2 Denver 80211
2019-BFN-0004505,Retail Food Establishment,Restaurant - Stand-Up,Pending,5/21/19 11:03,FOODA INC,1401  17th   Denver 80202
2019-BFN-0006421,Combined License,NA,Pending,7/16/19 11:28,KUM & GO LC,4720 N Tower Rd  Denver 80249
2019-BFN-0007051,Short Term Rental,NA,Pending,7/29/19 12:40,ATANAS MIHNEV,7335 E Richthofen PL  Denver 80220
2019-BFN-0006633,Retail Food Establishment,Mobile,Pending,7/19/19 15:44,EL CHURRIAS LLC,1195 S QUITMAN ST  DENVER 80219
2019-BFN-0005875,Private Security Employer,NA,Pending,7/1/19 10:39,"WAZEE ENTERPRISES, LLC",      
2019-BFN-0004018,Swimming Pool,NA,Pending,5/7/19 13:31,CAP MANAGEMENT,1121 N Albion St  Denver 80220
2019-BFN-0001750,Private Security Employer,NA,Pending,3/1/19 10:56,ADM Security,      
2019-BFN-0000769,Liquor,Retail,Pending,1/28/19 10:41,PEAK BEVERAGE INC,4375 N Brighton Blvd  Denver 80216
2019-BFN-0005590,Short Term Rental,NA,Pending,6/21/19 19:45,LICIA MACLEAR,244 N Bannock ST  Denver 80223
2019-BFN-0003182,Retail Food Establishment,Restaurant - Temporary,Pending,4/15/19 13:01,Boulder Porridge Co.,1704  Pine Street   Boulder 80302
2019-BFN-0005144,Short Term Rental,NA,Pending,6/8/19 17:08,KATE ADAMS,320 N Bellaire ST  Denver 80220
2019-BFN-0000574,Combined License,NA,Pending,1/21/19 13:17,ADS Regression Testing 1,1625 N Valentia St  Denver 80220
2019-BFN-0001744,Retail Food Establishment,Restaurant,Pending,3/1/19 9:28,"TO OLD VINE-SOUTHTOWERS, LLC",833 N Jersey St  Denver 80220
2019-BFN-0001907,Food - Retail,"Bakery, Deli",Pending,3/6/19 16:51,EINSTEIN AND NOAH CORP,2730 S COLORADO BLVD  DENVER 
2019-BFN-0001202,Tree Service Company,NA,Pending,12/31/19 0:00,WYATT GAUCI,4268  CARLYLE LN  WELLINGTON 80549
2019-BFN-0005683,Short Term Rental,NA,Pending,6/25/19 15:04,JOHN DAVIE,2193  Arapahoe ST 13 Denver 80205
2019-BFN-0003679,Combined License,NA,Pending,4/26/19 16:24,"LMC 2401 BLAKE STREET HOLDINGS, LLC",2401  Blake St  Denver 80205
2019-BFN-0004158,Swimming Pool,NA,Pending,5/10/19 12:02,PPF 1750 LITTLE RAVEN STREET LLC,1750  Little Raven St  Denver 
2019-BFN-0006781,Liquor,Retail,Pending,7/24/19 13:34,"CVS PHARMACY, INC.",7950 E Hampden Ave  Denver 
2019-BFN-0001664,Combined License,NA,Pending,2/27/19 8:50,SAGE TPS LLC,3699 S Monaco   Denver 
2019-BFN-0000483,Combined License,NA,Pending,1/16/19 8:37,GRAND CREW GROUP LLC,3701 N Williams St  Denver 80205
2019-BFN-0007161,Short Term Rental,NA,Pending,7/30/19 15:48,WILLIAM BRITT,2239 N Osceola ST  Denver 80212
2018-BFN-0008594,Tree Service Company,NA,Pending,12/31/19 0:00,TOMMY HEMPHILL,1250 S CHAMBERS RD  AURORA 80017
2019-BFN-0006886,Short Term Rental,NA,Pending,7/25/19 14:43,RICHARD PROCOPIO,1823 W 38th AVE  Denver 80211
2019-BFN-0006708,Liquor,Special Events,Pending,7/23/19 10:25,URBAN LEAGUE OF METROPOLITAN DENVER INC,15555 E 53rd Ave  Denver 80239
2019-BFN-0005178,Food - Wholesale,"Packaged, Bottled, Canned",Pending,6/10/19 15:46,SERVANT COFFEE LLC,240 N Santa Fe Dr  Denver 
2019-BFN-0002375,Tree Service Company,NA,Pending,12/31/19 0:00,BOAZ KELLEY,2510 W 99TH PL  FEDERAL HEIGHTS 80260
2019-BFN-0003680,Combined License,NA,Pending,4/26/19 16:24,"LMC WELTON HOLDINGS, LP",2100  Welton St  Denver 
2019-BFN-0005168,Short Term Rental,NA,Pending,6/10/19 13:50,MICHELLE CARBONE,3617 N Garfield ST  Denver 80205
2018-BFN-0006000,Boarding Home,NA,Pending,8/13/18 15:55,JUST FOR SENIORS LIVING CENTER,1395 N Vrain St  Denver 80204
2019-BFN-0003646,Food - Retail,Multi-Use,Pending,4/26/19 8:57,PIERO'S BAKERY LLC,914 S Sheridan Blvd  Denver 80226
2019-BFN-0005898,Short Term Rental,NA,Pending,7/1/19 15:24,CAROLYN HAMPSON,4040 W 49th AVE  Denver 80212
2018-BFN-0006558,Retail Food Establishment,Restaurant,Pending,8/31/18 11:03,PUERTO RICO 5280 LLC,3109 N Federal Blvd  Denver 80211
2019-BFN-0005137,Retail Food Establishment,Restaurant - Stand-Up,Pending,6/7/19 15:39,FAMOUS PIZZA & SUBS,5708 E Colfax Ave  Denver 80220
2019-BFN-0000135,Retail Food Establishment,Restaurant,Pending,1/7/19 12:32,THE NEW TIME CORPORATION,1195 S Federal Blvd  Denver 80219
2018-BFN-0006217,Retail Food Establishment,Mobile,Pending,8/20/18 16:03,EL JALAPENO,1461  JULIAN ST  DENVER 80204
2019-BFN-0007237,Retail Food Establishment,Restaurant - Temporary,Pending,7/31/19 14:56,Earl's Kitchen and Bar,1600  Glenarm PL 140 Denver 80202
2019-BFN-0007031,Short Term Rental,NA,Pending,7/29/19 9:42,NIKOLETTA VECSEI HARROLD,3638 N Elizabeth ST  Denver 80205
2019-BFN-0007369,Short Term Rental,NA,Pending,8/1/19 14:45,BRYCE TANNER,1453 N Williams ST  Denver 80218
2019-BFN-0007366,Short Term Rental,NA,Pending,8/1/19 14:29,BRIAN ELLWOOD,1256 N Uinta ST  Denver 80220
2019-BFN-0006149,Retail Food Establishment,Restaurant - Temporary,Pending,7/9/19 11:39,Patchwork Farms,10440  Fair Ave Unit C   Littleton 801272538
2018-BFN-0008806,Retail Food Establishment,Restaurant,Pending,11/29/18 13:52,"ERE BUCHTEL FG, LLC",2023 S Colorado Blvd 103 Denver 
2019-BFN-0007034,Short Term Rental,NA,Pending,7/29/19 10:01,NATHAN SPRUNK,15574 E 47th DR  Denver 
2019-BFN-0005517,Swimming Pool,NA,Pending,6/20/19 11:32,ENCORE CONDOMINIUM ASSOCIATION,707 N Washington St  Denver 80203
2019-BFN-0004043,Liquor,Art Gallery Permit,Pending,5/8/19 12:23,INSPYRE BOUTIQUE LLC,4170 N Tennyson St  Denver 80212
2019-BFN-0004990,Combined License,NA,Pending,6/4/19 15:34,"YONNI'S MARKET, INC",601 N Knox Ct  Denver 80204
2019-BFN-0005783,Short Term Rental,NA,Pending,6/27/19 14:53,ALBA MALDONADO,3720 N Dahlia ST  Denver 80207
2019-BFN-0006665,Retail Food Establishment,Restaurant - Temporary,Pending,7/22/19 12:17,Snarfburger on Federal LLC,2535 N Federal BLVD  Denver 80211
2019-BFN-0005779,Retail Marij Opt. Prem. Cultiv,NA,Pending,6/27/19 14:16,PEORIA PARK MANGEMENT LLC,4765 N Oakland St  Denver 80239
2017-BFN-0004772,Retail Food Establishment,Restaurant,Pending,6/29/17 11:21,BUG AND BELLE BAKERY,3712 W 32nd Ave  Denver 80211
2019-BFN-0004287,Retail Food Establishment,Restaurant - Stand-Up,Pending,5/14/19 14:26,DEITER'S CHOCOLATES LLC,1734 E Evans Ave  Denver 80210
2019-BFN-0005034,Combined License,NA,Pending,6/5/19 14:22,"SBCC TENNYSON, LLC",4200 N Tennyson St  Denver 
2019-BFN-0006509,Liquor,Special Events,Pending,7/18/19 8:12,BICYCLE COLORADO,21  ST AND MARKET ST  DENVER 
2019-BFN-0006377,Liquor,Special Events,Pending,7/15/19 12:16,COLORADO BALLET COMPANY,1075 N Santa Fe Dr  Denver 80204
2019-BFN-0006635,Food - Wholesale,"Produce, Bulk, Prepackaged",Pending,7/19/19 16:14,FRESH PACK PRODUCE INC,5151 N Bannock St  Denver 80216
2019-BFN-0007395,Short Term Rental,NA,Pending,8/1/19 19:18,KURT WHITE,2831 N Eudora ST  Denver 80207
2019-BFN-0003284,Retail Food Establishment,Mobile,Pending,4/17/19 15:53,BLUE HERON MARKETS LLC,2927 W YARROW CIR  SUPERIOR 80027
2019-BFN-0005622,Combined License,NA,Pending,6/24/19 12:28,THE VILLAGE TOWNHOUSE ASSOCIATION,7101 W Yale Ave  Denver 80227
2019-BFN-0006942,Short Term Rental,NA,Pending,7/26/19 10:46,PAMELA TEKIPPE,1453 N Perry ST  Denver 80204
2018-BFN-0008428,Retail Food Establishment,Restaurant,Pending,11/6/18 9:00,RESTAURANT 4745 LLC,4745 N Federal Blvd  Denver 80211
2018-BFN-0008369,Combined License,NA,Pending,11/1/18 15:07,"BORNE 16TH, LLC",3349 N York St  Denver 80205
2019-BFN-0003556,Swimming Pool,NA,Pending,4/24/19 11:16,TOWNE SQUARE LOFTS HOMEOWNERS' ASSOCIATION,15475 E Andrews Dr  Denver 80239
2019-BFN-0003928,Retail Food Establishment,Restaurant - Temporary,Pending,5/3/19 10:54,Walter Fifer /DBA Deep Nutrition Farm,1530  Greenbriar Blvd   Boulder 80305
2019-BFN-0006510,Swimming Pool,NA,Pending,7/18/19 8:57,WELLINGTON APARTMENTS LLC,1493 N Osage St  Denver 80204
2018-BFN-0007596,Short Term Rental,NA,Pending,10/5/18 20:10,JUSTIN MAZULA,4160 N Pecos ST  Denver 
2018-BFN-0008816,Retail Food Establishment,Restaurant,Pending,11/30/18 10:08,SMITH & CANON ICE CREAM CO,2260 E Colfax Ave 102 Denver 
2019-BFN-0005573,Combined License,NA,Pending,6/21/19 13:13,"CINEMA BEVERAGES HOLDING COMPANY, LLC",590 N Downing St  Denver 80218
2019-BFN-0001557,Combined License,NA,Pending,2/22/19 14:27,FINLEY'S SERIES I LLC,1601  Wewatta St  Denver 80202
2018-BFN-0006321,Retail Food Establishment,Restaurant,Pending,8/23/18 12:37,EINSTEIN AND NOAH CORP,300 E ALAMEDA AVE  DENVER 80209
2019-BFN-0003931,Short Term Rental,NA,Pending,5/3/19 11:41,DWAYNE KRATZER,1857 W 34th AVE  Denver 80211
2019-BFN-0003906,Retail Food Establishment,Restaurant - Stand-Up,Pending,5/2/19 15:47,TIPS INC,8031 E Colfax Ave  Denver 80220
2019-BFN-0004732,Food - Retail,Multi-Use,Pending,5/28/19 11:01,TANA GROCERY STORE LLC,1440 N Poplar St  Denver 80220
2019-BFN-0002930,Child Care Center,NA,Pending,4/8/19 11:02,DENVER TOUR CLUB LLC,1936 S FRANKLIN ST  DENVER 80210
2019-BFN-0007071,Short Term Rental,NA,Pending,7/29/19 15:00,SATESH JAUNDOO,1777  Chestnut PL 1721 Denver 80202
2019-BFN-0006794,Retail Food Establishment,Mobile,Pending,7/24/19 14:31,SCHNITZELWIRT LLC,6105 S MAIN ST 200 AURORA 80016
2018-BFN-0005936,Retail Food Establishment,Restaurant,Pending,8/10/18 9:20,"SIZZLING WINGS, LLC",7150  Leetsdale Dr 140 Denver 
2019-BFN-0003106,Child Care Home,NA,Pending,4/12/19 9:07,B'Z LEARNING HIVE II LLC,4995 N Scranton Ct  Denver 80239
2019-BFN-0005782,Food - Retail,Produce,Pending,6/27/19 14:47,COLORADO VAPE & GLASS CO. LLC,1871 S Broadway   Denver 80210
2018-BFN-0006348,Combined License,NA,Pending,8/24/18 10:18,SHAMROCK MISSISSIPPI INC,2000 W Mississippi Ave  Denver 80223
2019-BFN-0005864,Short Term Rental,NA,Pending,6/30/19 22:52,CYNTHIA BICKEL,1980  18th ST 607 Denver 80202
2019-BFN-0006568,Liquor,Special Events,Pending,7/19/19 9:21,OLD SOUTH PEARL STREET MERCHANT ASSOCIATION,1400 S PEARL ST  DENVER 80210
2019-BFN-0006792,Retail Food Establishment,Restaurant - Temporary,Pending,7/24/19 14:26,Mother Tongue,950  Broadway   Denver 80203
2019-BFN-0001794,Lodging Facility,NA,Pending,3/4/19 12:58,MTR HOSPITALITY INC,8701 E Colfax Ave  Denver 80220
2019-BFN-0006152,Short Term Rental,NA,Pending,7/9/19 12:03,LYNN MACKEY,1660 S Pearl ST  Denver 80210
2019-BFN-0003303,Retail Food Establishment,Restaurant,Pending,4/18/19 8:30,LAS SIETE SALSAS LLC,4460  Morrison Rd  Denver 80219
2019-BFN-0004839,Retail Food Establishment,Restaurant,Pending,5/30/19 12:30,"THE NOODLE SHOP CO-COLORADO, INC",303  16th St 150 Denver 80202
2019-BFN-0002086,Retail Food Establishment,Restaurant,Pending,3/12/19 9:24,OCEDON RESTAURANT MANAGEMENT LLC,2095 S Federal Blvd  Denver 80219
2019-BFN-0002645,Tree Service Company,NA,Pending,12/31/19 0:00,GUILLERMO RICALDAY MORENO,1098  SOUTH DENVER AVE   FORT LUPTON 80621
2019-BFN-0001692,Combined License,NA,Pending,2/27/19 15:47,"TAI TAI JAPANESE HAWAIIAN, LLC",5078 E Hampden Ave  Denver 80222
2019-BFN-0004647,Short Term Rental,NA,Pending,5/24/19 8:39,AMY MESSERICH,3715 S Roslyn WAY  Denver 80237
2019-BFN-0005828,Combined License,NA,Pending,6/28/19 11:54,"ASTERISK DENVER, LLC",1075  Park Ave  Denver 80205
2019-BFN-0007253,Private Security Employer,NA,Pending,7/31/19 18:12,"MSA Investigations, Inc",      
2019-BFN-0006571,Liquor,Special Events,Pending,7/19/19 10:15,MINDS MATTER OF DENVER,4180  Wynkoop St  Denver 
2019-BFN-0004325,Food - Retail,"Bakery, Deli",Pending,5/15/19 11:43,"SAFEWAY STORES 45, INC",1280 E Evans Ave  Denver 
2019-BFN-0003267,Retail Marijuana Store,NA,Pending,4/17/19 11:30,LITTLE MAN 54 LLC,3819 N Quentin St  Denver 80239
2019-BFN-0003115,Combined License,NA,Pending,4/12/19 10:57,URBAN PUTT DENVER LLC,1201  18th St 110 Denver 
2019-BFN-0006539,Combined License,NA,Pending,7/18/19 13:07,STONEBRIDGE STOUT STREET MANAGER LLC,801  15th St  Denver 
2019-BFN-0007390,Short Term Rental,NA,Pending,8/1/19 16:33,PETER KARABAS,1770  Chestnut PL 803 Denver 80202
2019-BFN-0003132,Food - Wholesale,"Packaged, Bottled, Canned",Pending,4/12/19 13:04,MILE HIGH COCA-COLA PRODUCTION LLC,3825 N York St  Denver 80205
2019-BFN-0005165,Child Care Home,NA,Pending,6/10/19 13:00,EVE EDWARDS CHILD CARE,4760 S Wadsworth Blvd D105 Denver 80123
2018-BFN-0007020,Garage - Repair of Motor Vehic,NA,Pending,9/18/18 12:05,LOS BRONCOS TIRE SHOP LLC,7575 E Colfax Ave  Denver 80220
2019-BFN-0006806,Combined License,NA,Pending,7/24/19 15:29,"CHOOK ON BIRCH, LLC",4340 E 8th Ave  Denver 80220
2019-BFN-0006769,Liquor,Special Events,Pending,7/24/19 12:06,SOUTH GAYLORD ASSOCIATION,1000 S Gaylord St  Denver 80209
2019-BFN-0000455,Tree Service Company,NA,Pending,12/31/19 0:00,IFET ADROVIC,1921 S Magnolia St  Denver 80224
2018-BFN-0006001,Retail Food Establishment,Restaurant,Pending,8/13/18 15:57,REGAL BAKERY AND CHESS CAFE LLC,1141 N Syracuse St  Denver 80220
2019-BFN-0003456,Combined License,NA,Pending,4/22/19 14:02,US TP LEAGACY SPEER LLC,1350 N Speer Blvd  Denver 
2018-BFN-0001805,Liquor,Tastings,Pending,3/29/18 11:46,PARKSIDE LIQUORS,2915 W 25TH AVE  DENVER 80211
2019-BFN-0002637,Marijuana Transporter,NA,Pending,3/29/19 12:25,SPECIALTY TRANSPORT SERVICES LLC,4335 N Race St 100 Denver 
2019-BFN-0001590,Combined License,NA,Pending,2/25/19 12:26,LARIMER HALL CORP,2200  Larimer St  Denver 80205
2019-BFN-0005567,Combined License,NA,Pending,6/21/19 11:31,PL RESTAURANT HOLDINGS LLC,7505 E 29th Pl  Denver 80238
2019-BFN-0003395,"Parking Lot, Garage",NA,Pending,4/19/19 13:00,3201 WALNUT ST LLC,1370  32nd St  Denver 
2019-BFN-0002853,Private Security Employer,NA,Pending,4/4/19 15:42,Westin Denver International Airport,      
2019-BFN-0006324,Retail Food Establishment,Restaurant - Temporary,Pending,7/12/19 13:21,Fresh+Jive,2189  Cottage Grove   Cleveland 44118
2018-BFN-0009141,Retail Food Establishment,Restaurant - Temporary,Pending,12/18/18 10:26,Hall Family Foods Inc,909  East 32nd Ave   Hutchinson 67502
2016-BFN-0008792,Retail Marij Opt. Prem. Cultiv,NA,Pending,12/30/16 10:07,"CANNABIS FOR HEALTH, LLC",155 S PECOS ST  DENVER 80223
2019-BFN-0006441,Liquor,Special Events,Pending,7/16/19 13:47,"CANCER LEAGUE OF COLORADO, INC",701 S Franklin St  Denver 80209
2019-BFN-0005067,Auto Parts Recycler,NA,Pending,6/6/19 13:31,HULK AUTO RECYCLE,2400 E 51st Ave  Denver 80216
2019-BFN-0004927,Combined License,NA,Pending,6/3/19 10:25,AMERICAN PAINTBALL COLISEUM LLC,5095 N Peoria St  Denver 80239
2018-BFN-0009298,Child Care Center,NA,Pending,12/24/18 9:01,CONGREGATION ZERA ABRAHAM,1560 N Winona Ct  Denver 80204
2019-BFN-0004652,Swimming Pool,NA,Pending,5/24/19 9:03,THE PARK OF WOODSTREAM VILLAGE ASSOCIATION INC,2770 S Elmira St  Denver 80231
2019-BFN-0006374,Liquor,Special Events,Pending,7/15/19 11:49,CIVIC CENTER CONSERVANCY,144 W Colfax Ave  Denver 80202
2019-BFN-0004373,Retail Food Establishment,Mobile,Pending,5/16/19 10:06,TACOS TEQUILA WHISKEY,     DENVER 
2019-BFN-0003206,Short Term Rental,NA,Pending,4/16/19 8:32,BRAD VAN DYKE,2122 W 41st AVE  Denver 80211
2019-BFN-0002895,Retail Food Establishment,Restaurant,Pending,4/5/19 14:10,SODEXO AMERICA LLC,7500 E 35th Ave  Denver 80207
2019-BFN-0006334,Combined License,NA,Pending,7/12/19 14:28,"1043 PLAN B, LLC",1043 N Broadway   Denver 80203
2019-BFN-0006195,Short Term Rental,NA,Pending,7/9/19 21:46,RYAN WINZENBURG,3519 N Newton ST  Denver 80211
2019-BFN-0003827,Combined License,NA,Pending,5/1/19 12:01,MADERO LLC,410 S Federal Blvd  Denver 80219
2019-BFN-0003215,Combined License,NA,Pending,4/16/19 10:48,"THE MOLECULE EFFECT, LLC",300 S Logan St 101 Denver 
2019-BFN-0001510,Marijuana Transporter,NA,Pending,2/21/19 14:13,SPECIALTY TRANSPORT SERVICES LLC,4335 N Race St 100 Denver 
2019-BFN-0001453,Combined License,NA,Pending,2/20/19 13:02,MILE HIGH SPIRITS LLC,2201  Lawrence St  Denver 80205
2019-BFN-0006855,Liquor,Special Events,Pending,7/25/19 8:27,PERIOD KITS,3858  WALNUT ST  DENVER 80205
2019-BFN-0002634,Combined License,NA,Pending,3/29/19 11:57,"W BY W YAMPA STREET I, LLC AND CHANNEL POINT HOSPITALITY, LLC",6670 N Yampa St  Denver 
2019-BFN-0005153,Combined License,NA,Pending,6/10/19 10:04,2GW ENTERPRISES LLC,7520 E Colfax Ave  Denver 80220
2019-BFN-0006468,Retail Marijuana Inf Prod Mfg,NA,Pending,7/17/19 10:07,NATURE MED INC,745 N Federal  100 Denver 80204
2019-BFN-0007054,Combined License,NA,Pending,7/29/19 12:50,ROSY RINGS INC,2940 E 6th Ave  Denver 80206
2019-BFN-0007254,Short Term Rental,NA,Pending,7/31/19 18:18,MAXWELL HAWK,3799 N Williams ST B Denver 80205
2019-BFN-0002291,Food - Wholesale,"Produce, Bulk, Prepackaged",Pending,3/19/19 11:18,"BERUH BUSINESS GROUP, LLC",4880 N Ironton St E Denver 80239
2019-BFN-0003375,Child Care Center,NA,Pending,4/19/19 8:27,SUNRISE SUNSET MTR LLC,4895 N Peoria St  Denver 80239
2019-BFN-0006617,Liquor,Special Events,Pending,7/19/19 14:40,RUN AGAINST TRAFFIC,1848  SPEER BLVD  DENVER 80204
2019-BFN-0006573,Liquor,Special Events,Pending,7/19/19 10:41,ALWAYS CHOOSE ADVENTURES INC,250 N Columbine St 110 Denver 80206
2017-BFN-0000366,Combined License,NA,Pending,1/17/17 10:03,COMMON THREAD LLC,3358  Larimer   Denver 80205
2019-BFN-0001506,Med Marijuana Test Facility,NA,Pending,2/21/19 13:35,LABLYTIC LLC,255 N Yuma St 101 Denver 
2019-BFN-0005255,Liquor,Special Events,Pending,6/12/19 14:12,DASH FOR SMILES,8801 E Martin Luther King Jr Blvd  Denver 
2019-BFN-0004099,Retail Food Establishment,Restaurant - Temporary,Pending,5/9/19 12:43,Amnon Gilady,825  Colorado Blvd   Denver 80246
2016-BFN-0006910,Med Marijuana Inf Prod Manuf,NA,Pending,10/10/16 12:12,"ZUNI WELLNESS CENTER,LLC",2675 S SANTA FE DR 6C DENVER 80223
2019-BFN-0002577,Short Term Rental,NA,Pending,3/28/19 11:26,AARON ELINOFF,641 N Raleigh ST  Denver 80204
2019-BFN-0002616,Short Term Rental,NA,Pending,3/29/19 9:38,CHRIS CARLISLE,3134 W 18th AVE  Denver 80204
2019-BFN-0000319,Swimming Pool,NA,Pending,1/10/19 15:44,THE MAJORCA CONDOMINIUMS ASSOCIATION INC.,1050 N Lafayette St  Denver 80218
2019-BFN-0007298,Short Term Rental,NA,Pending,8/1/19 11:24,JENNIFER BALDWIN,3550 N Marion ST  Denver 80205
2019-BFN-0006990,Short Term Rental,NA,Pending,7/26/19 15:54,CYNTHIA BACH,1255 N Poplar ST  Denver 80220
2018-BFN-0007981,Combined License,NA,Pending,10/22/18 15:33,"YATES TAVERN, LLC",4979 W 44th Ave  Denver 80212
2018-BFN-0008006,Retail Food Establishment,Restaurant,Pending,10/23/18 13:06,THE MODERN EATER LLC,490 N Decatur St  Denver 
2019-BFN-0002181,Short Term Rental,NA,Pending,3/14/19 15:51,ELLIOT LIM,2116 E 20th AVE  Denver 80205
2019-BFN-0006913,Short Term Rental,NA,Pending,7/25/19 20:26,KAMAL SHRESTHA,19040 E 55th AVE  Denver 80249
2018-BFN-0006460,Tree Service Company,NA,Pending,8/29/18 11:27,FISHER TREE CARE INC,28653  AMERIND SPRINGS TRAIL  PINE 80470
2019-BFN-0004655,Combined License,NA,Pending,5/24/19 9:15,PARK HILL VILLAGE NEIGHBORHOOD ASSOCIATION INC,4100 N Albion St  Denver 80216
2019-BFN-0003270,Combined License,NA,Pending,4/17/19 12:08,DENVER HOTELS LLC,4595 N Quebec St  Denver 80216
2019-BFN-0001722,Food - Retail,Multi-Use,Pending,2/28/19 12:49,GEORGE A BANES ENTERPRICES LLC,6515 E Union Ave 141 Denver 80237
2019-BFN-0005827,Short Term Rental,NA,Pending,6/28/19 11:39,PAUL MORTON,7700 E Academy BLVD 201 Denver 80230
2019-BFN-0006905,Short Term Rental,NA,Pending,7/25/19 17:32,CHANDLER BROWN,576 S Grant ST  Denver 80209
2018-BFN-0009162,Short Term Rental,NA,Pending,12/18/18 14:40,BLAKE WALDO,2770 W 22nd Ave  Denver 80211
2019-BFN-0006912,Short Term Rental,NA,Pending,7/25/19 20:13,SANDRA MATUZIC,3131 W Conejos PL 1 Denver 80204
2019-BFN-0003200,Retail Food Establishment,Restaurant,Pending,4/15/19 15:29,IMPERIAL DRAGON INC,1232 S Sheridan Blvd  Denver 80232
2019-BFN-0006156,Short Term Rental,NA,Pending,7/9/19 12:21,ROGER HUANG,1770  Chestnut  702 Denver 80202
2019-BFN-0005985,Retail Food Establishment,Restaurant,Pending,7/3/19 13:40,CANALES RESTAURANTS LLC,6500 E Smith Rd  Denver 80207
2017-BFN-0004778,Retail Marij Opt. Prem. Cultiv,NA,Pending,6/29/17 13:21,"ALPINE HERBAL WELLNESS, LLC",4900 N COLORADO BLVD  DENVER 80216
2019-BFN-0002538,Retail Food Establishment,Restaurant - Temporary,Pending,3/27/19 11:42,Steep Fuze LLC,"2510  47th St, Unit AA   Boulder 80301"
2019-BFN-0006131,Short Term Rental,NA,Pending,7/8/19 15:31,BRENT GRAEVE,201 W 1st AVE  Denver 80223
2018-BFN-0008705,Tree Service Company,NA,Pending,12/31/19 0:00,JAMES GROSKOPF,9080 W BELLWOOD PL  DENVER 80123
2019-BFN-0003659,Retail Food Establishment,Restaurant - Temporary,Pending,4/26/19 12:10,"Audra Miller, LLC",201 W Colfax AVE  Denver 80202
2019-BFN-0003622,Retail Food Establishment,Restaurant - Temporary,Pending,4/25/19 13:13,"Polidori Meat Processors, Inc",3800 N Dahlia ST  Denver 80207
2019-BFN-0003702,Food - Retail,Fresh Meats & Fish,Pending,4/29/19 9:25,THE LOCAL BUTCHER LLC,2242 N Oneida St  Denver 80207
2019-BFN-0006435,Retail Food Establishment,Restaurant - Stand-Up,Pending,7/16/19 13:14,"STREET FEUD AVANTI 1, LLC",3200 N Pecos St  Denver 80211
2018-BFN-0003625,Combined License,NA,Pending,6/4/18 11:30,JOY HILL LLC,1229 S Broadway   Denver 80210
2019-BFN-0004951,Short Term Rental,NA,Pending,6/3/19 15:36,TANIA CHICK,16020 E Warner PL  Denver 
2019-BFN-0000299,Short Term Rental,NA,Pending,1/10/19 12:29,RODNEY GRAY,2644  Central CT  Denver 
2019-BFN-0001634,Retail Food Establishment,Restaurant,Pending,2/26/19 11:20,WENDY'S PROPERTIES LLC,5070 S Syracuse St  Denver 80237
2019-BFN-0005991,Short Term Rental,NA,Pending,7/3/19 14:41,ARIELLE RUBENSTEIN,1777  Wewatta ST 1312 Denver 80202
2019-BFN-0006118,Short Term Rental,NA,Pending,7/8/19 14:23,STEPHANIE KROLL,1990 S Lowell BLVD  Denver 80219
2019-BFN-0001693,Combined License,NA,Pending,2/27/19 15:52,SUPER CARNICERIA LA HACIENDA INC,845 S Federal Blvd  Denver 80219
2019-BFN-0006566,Liquor,Special Events,Pending,7/19/19 8:18,ROCKY MOUNTAIN ROLLERGIRLS,2375 S Delaware St  Denver 80223
2019-BFN-0004888,Combined License,NA,Pending,5/31/19 12:02,PENA STATION JV LLC,17607 E 61st Ave  Denver 
2019-BFN-0006147,Swimming Pool,NA,Pending,7/9/19 11:19,AMFP II POETS LINCOLN LLC,1035 N Sherman St  Denver 80203
2019-BFN-0003228,Combined License,NA,Pending,4/16/19 14:10,US MF CITY HOUSE LLC,1801  Chestnut Pl  Denver 80202
2019-BFN-0006910,Short Term Rental,NA,Pending,7/25/19 20:05,MICHAEL BRADLEY,3456 S Ash ST  Denver 80222
2017-BFN-0007380,Retail Food Establishment,Restaurant - Drive-In,Pending,9/22/17 11:03,ALVARADO CONCEPTS LLC,1996 S Federal   Denver 
2019-BFN-0006579,Liquor,Special Events,Pending,7/19/19 11:39,WARM COOKIES OF THE REVOLUTION,144 W Colfax Ave  Denver 80202
2019-BFN-0004885,Liquor,Special Events,Pending,5/31/19 11:37,YOUTH ON RECORD,1545 N Julian St  Denver 80204
2019-BFN-0000654,Retail Food Establishment,Restaurant,Pending,1/23/19 13:15,BONACQUISTI WINE COMPANY,4640 N Pecos St I Denver 80211
2019-BFN-0006887,Swimming Pool,NA,Pending,7/25/19 14:55,1200 VINE CONDOMINIUM OWNERS ASSOCIATION INC,1200 N Vine St  Denver 80206
2019-BFN-0007174,Short Term Rental,NA,Pending,7/30/19 20:50,LAURA PASSMORE,435 N Ogden ST  Denver 80218
2018-BFN-0008853,Combined License,NA,Pending,12/3/18 13:39,MEMPHIS CUE BAR LLC,333 N Broadway   Denver 80203
2019-BFN-0006863,Short Term Rental,NA,Pending,7/25/19 11:20,LAWRENCE VALDEZ,275 S Decatur ST  Denver 80219
2016-BFN-0004989,Combined License,NA,Pending,8/4/16 13:23,WESTBROOK PHAM LLC,3425 S Oleander Ct  Denver 80224
2019-BFN-0003064,Retail Food Establishment,Restaurant,Pending,4/11/19 11:16,MY VISION NUTRITION INC,4001 N Tejon St  Denver 80211
2019-BFN-0005380,Short Term Rental,NA,Pending,6/14/19 15:14,SHON WILLIAMS,1777  Chestnut PL 1406 Denver 80202
2019-BFN-0003608,Retail Food Establishment,Mobile,Pending,4/25/19 10:16,DRAFT SIGNATURE DRINKS LLC,1632  GALENA ST  AURORA 80010
2019-BFN-0002318,Short Term Rental,NA,Pending,3/19/19 20:45,ALLISON SMOOKLER,1406 N Humboldt ST  Denver 80218
2019-BFN-0000198,Retail Food Establishment,Restaurant,Pending,1/8/19 14:04,ORIGINAL HAMBURGER STAND #167,1205 N Federal Blvd  Denver 80204
2019-BFN-0006722,Retail Food Establishment,Restaurant - Stand-Up,Pending,7/23/19 13:46,A&N VENTURES LLC,3000 E 1st Ave 102 Denver 80206
2019-BFN-0006753,Liquor,Special Events,Pending,7/24/19 9:13,WEDONTWASTE INC,1540 S PEARL ST  DENVER 80210
2018-BFN-0009432,Retail Food Establishment,Restaurant,Pending,12/31/18 11:27,"RB COLORADO, LLC",3740 N Quebec St  Denver 80207
2019-BFN-0005038,Short Term Rental,NA,Pending,6/5/19 15:18,JORDAN GOSSETT,2830 N Wyandot ST  Denver 80211
2019-BFN-0006519,Waste Hauler,NA,Pending,7/18/19 11:24,ROCKY MOUNTAIN COMPOSTING LLC,6007 W 61ST PL  ARVADA 80003
2019-BFN-0004771,Retail Food Establishment,Restaurant,Pending,5/29/19 10:56,TICI LLC,12090 E 40th Ave  Denver 80239
2019-BFN-0003404,Retail Food Establishment,Restaurant - Temporary,Pending,4/19/19 14:17,Sherwood Place,5454  West Canyon Trail Unit E   Littleton 80128
2019-BFN-0004633,Short Term Rental,NA,Pending,5/23/19 16:37,JAIME KLEIN,1707  Chestnut PL 1012 Denver 
2017-BFN-0009153,Boarding Home,NA,Pending,12/15/17 11:26,"QUEENS MOTELS, INC",1503 N Trenton St  Denver 80220
2019-BFN-0001848,Food - Retail,"Bakery, Deli",Pending,3/5/19 16:22,EINSTEIN AND NOAH CORP,1600  CALIFORNIA ST 2 DENVER 80202
2019-BFN-0003607,Short Term Rental,NA,Pending,4/25/19 9:55,MATT HAMRICK,1747 S Downing ST  Denver 80210
2019-BFN-0006713,Liquor,Special Events,Pending,7/23/19 11:06,"DENVER THEATRE DISTRICT, INC",890  14th St  Denver 80202
2019-BFN-0004224,Food - Retail,Multi-Use,Pending,5/13/19 10:33,PHARAOH LTD,2876 N Colorado Blvd  Denver 80207
2018-BFN-0006989,Combined License,NA,Pending,9/17/18 12:45,ENIGMA BAZAAR LLC,4923 W 38th Ave  Denver 80212
2019-BFN-0006883,Short Term Rental,NA,Pending,7/25/19 14:33,ALLISON FOLEY,1176 N Gaylord ST 201 Denver 80206
2019-BFN-0007207,Retail Food Establishment,Restaurant - Temporary,Pending,7/31/19 11:59,Walter Neuhold,328  5th    
2019-BFN-0004220,Combined License,NA,Pending,5/13/19 8:29,"LITTLE PUB #30, LLC",6651 N Tower Rd 140 Denver 
2017-BFN-0008625,Liquor,Retail,Pending,11/17/17 12:18,"TOP SHELF LIQUOR, LLC",2757 N Speer Blvd 100 Denver 
2019-BFN-0007144,Liquor,Special Events,Pending,7/30/19 14:29,"DOWNTOWN DENVER EVENTS, INC.",101 W 14th Avenue Pkwy  Denver 
2018-BFN-0008645,Combined License,NA,Pending,11/19/18 12:00,THE LOVETT RESTAURANT GROUP,3618 N Tejon St  Denver 
2019-BFN-0006297,Liquor,Special Events,Pending,7/12/19 8:27,THE DENVER HEALTH AND HOSPITALS FOUNDATION,1736  SPEER   DENVER 80204
2019-BFN-0006082,Short Term Rental,NA,Pending,7/8/19 8:34,KRISTIN PETERSON,215 E 11th AVE B4 Denver 80203
2019-BFN-0004976,Liquor,Special Events,Pending,6/4/19 12:50,COTTONWOOD INSTITUTE,1400  WEWATTA ST  DENVER 80202
2019-BFN-0002823,Body Art Est - Temporary,NA,Pending,4/4/19 11:41,THERESA THEISEN CHILDRENS MUSEUM OF DENVER AT MARISCO CAMPUS,2121  Childrens Museum Dr  Denver 80211
2019-BFN-0002897,Tree Service Company,NA,Pending,12/31/19 0:00,STEVEN TOWELL,740925  PO BOX   ARVADA 80006
2019-BFN-0006302,Liquor,Special Events,Pending,7/12/19 9:08,SHARE OUR STRENGTH,4180  Wynkoop St  Denver 
2018-BFN-0006372,Food - Retail,"Milk, Dairy, Prepackaged Meats",Pending,8/24/18 14:47,"R AND R GAS AND CONVIENCE STORE, LLC",2360 W Mississippi Ave  Denver 80223
2018-BFN-0009070,Lodging Facility,NA,Pending,12/13/18 15:11,STAY ALFRED INC,3201 N Brighton Blvd  Denver 80216
2019-BFN-0006956,Liquor,Special Events,Pending,7/26/19 13:04,THE ACCES FUND,1235 N Delaware St  Denver 80204
2019-BFN-0007043,Short Term Rental,NA,Pending,7/29/19 11:41,SHANA COHEN,1777  Chestnut PL 732 Denver 80202
2019-BFN-0002528,Tree Service Company,NA,Pending,3/27/19 9:52,ANTHONY MAYO GRIFFIN,4479  TIERRA ALTA DR  CASTLE ROCK 80104
2019-BFN-0006881,Short Term Rental,NA,Pending,7/25/19 13:51,AUSTIN FRIEDMAN,1301 N Speer BLVD 1107 Denver 80204
2019-BFN-0006626,Retail Food Establishment,Mobile,Pending,7/19/19 15:21,TACOS EL ALACRAN SOLIS,1070 S RARITAN ST  DENVER 80223
2019-BFN-0007195,Retail Food Establishment,Restaurant - Temporary,Pending,7/31/19 10:53,The Corner Office,1401  Curtis ST  Denver 80202
2018-BFN-0006460,Tree Service Company,NA,Pending,8/29/18 11:27,FISHER TREE CARE INC,1491  PO BOX   CONIFER 80433
2018-BFN-0006338,Swimming Pool,NA,Pending,8/23/18 15:32,GLENDALE PROPERTIES I LLC,1255 S Birch St  Denver 
2018-BFN-0007013,Combined License,NA,Pending,9/18/18 10:24,CHERRY HILLS III CONDOMINIUM CORPORATION,2800 S University Blvd  Denver 80210
2019-BFN-0006512,Combined License,NA,Pending,7/18/19 9:39,"WESTFIELD INCOME PARTNERS XI, LLLP",2280 S Monaco Street Pkwy  Denver 
2019-BFN-0005525,Swimming Pool,NA,Pending,6/20/19 12:26,NEW GRAMMERCY LLC,9600 E Girard Ave  Denver 80231
2019-BFN-0006417,Combined License,NA,Pending,7/16/19 10:51,THE CROSSING APARTMENTS,13500 E Albrook Dr  Denver 80239
2018-BFN-0006525,Lodging Facility,NA,Pending,8/30/18 14:36,FARROW LANE INC.,1777  Chestnut Pl 801 Denver 
2019-BFN-0002724,Retail Food Establishment,Restaurant - Temporary,Pending,4/2/19 8:42,Milton's Baking Co. LLC,5875  Avenida Encinas   Carlsbad 92008
2018-BFN-0008830,Retail Food Establishment,Restaurant,Pending,11/30/18 14:56,QDOBA RESTAURANT CORP,2100 S University Blvd  Denver 80210
2019-BFN-0007129,Tree Service Company,NA,Pending,12/31/19 0:00,JESSE CREED,4565  ELM CT  DENVER 80211
2018-BFN-0007879,Retail Food Establishment,Restaurant - Stand-Up,Pending,10/18/18 9:01,GENNA RAE WINGS AND MORE LLC,1819 E 28th Ave  Denver 80205
2019-BFN-0006554,Liquor,Special Events,Pending,7/18/19 15:03,ANTHEM CHURCH,3000 N Tejon St  Denver 
2019-BFN-0004383,Retail Food Establishment,Restaurant,Pending,5/16/19 11:14,GROUNDS FOR DISMISSAL LTD,10065 E Harvard Ave 100 Denver 80231
2019-BFN-0005167,Combined License,NA,Pending,6/10/19 13:39,MAINSPRING F&B LLC,3603  WALNUT ST  DENVER 80205
2019-BFN-0004427,Retail Food Establishment,Restaurant,Pending,5/17/19 9:35,ART HOOKAH LLC,1715 E Evans Ave  Denver 80210
2019-BFN-0005581,Child Care Center,NA,Pending,6/21/19 15:14,DENVER PUBLIC SCHOOLS,4909 N Cathay St  Denver 80249
2019-BFN-0007132,Short Term Rental,NA,Pending,7/30/19 12:53,TAYLOR FRASER,1385 S Utica ST  Denver 80219
2019-BFN-0006014,Short Term Rental,NA,Pending,7/5/19 8:07,RANDY RIVERA,575 N Inca ST  Denver 80204
2019-BFN-0003819,Combined License,NA,Pending,5/1/19 8:56,COLUMBIA PLATTE VALLEY COLORADO LLC,1850  Bassett St  Denver 80202
2019-BFN-0004301,Retail Food Establishment,Restaurant - Temporary,Pending,5/14/19 17:31,Bruna's Cheese Bread Sandwich LLC,240  S monaco street pkwy   Denver 80224
2018-BFN-0005794,Retail Food Establishment,Restaurant,Pending,8/6/18 14:09,"ALTURA ENTERPRISES, LLC",3100 S Sheridan Blvd  Denver 80227
2018-BFN-0008618,"Parking Lot, Garage",NA,Pending,11/16/18 13:41,"J3R PARKING, LLC",2114  Curtis   Denver 80205
2018-BFN-0004819,Lodging Facility,NA,Pending,7/2/18 9:53,"GUEST STARS, INC",1850  Chestnut Pl  Denver 
2019-BFN-0007260,Short Term Rental,NA,Pending,8/1/19 8:57,AMANDA GRONEMAN,2550  Lawrence ST 105 Denver 80205
2018-BFN-0009083,Retail Food Establishment,Restaurant,Pending,12/14/18 8:41,"GJ MAC, INC",8500 W Crestline Ave 6 Denver 
2019-BFN-0002341,Food - Retail,Multi-Use,Pending,3/20/19 13:28,EINSTEIN AND NOAH CORP,1600 E 18TH AVE  DENVER 80218
2019-BFN-0000361,Body Art Est - Permanent,NA,Pending,1/11/19 15:44,TIGERS EYE BROWS LLC,1045 N Lincoln St  Denver 80203
2019-BFN-0006262,Retail Food Establishment,Mobile,Pending,7/11/19 12:39,STREET SIDE EATS,1129  LOCUST ST  THORNTON 80229
2019-BFN-0007087,Short Term Rental,NA,Pending,7/30/19 8:44,TAYLOR FRASER,1385 S Utica ST  Denver 80219
2018-BFN-0007656,Swimming Pool,NA,Pending,10/9/18 13:40,"PARK PLACE TOWER HOMEOWNERS ASSOCIATION, INC",1029 E 8th Ave  Denver 80218
2018-BFN-0008384,Retail Food Establishment,Restaurant,Pending,11/2/18 11:03,"CAMARGO TAMALES, INC",2300 W 44th Ave  Denver 80211
2019-BFN-0004344,Retail Food Establishment,Mobile,Pending,5/15/19 14:27,ELAN GROUP LLC,1475 E 17th Ave  Denver 80218
2018-BFN-0008408,Retail Food Establishment,Restaurant - Stand-Up,Pending,11/5/18 10:47,"LOU'S ITALIAN, LLC",3357 N Downing St  Denver 80205
2019-BFN-0001926,Retail Food Establishment,Restaurant - Stand-Up,Pending,3/7/19 10:26,MEGA BURGER LLC,690 S Lipan St  Denver 
2018-BFN-0007778,Kennel,NA,Pending,10/15/18 8:55,"PETSMART, INC",8500 W Crestline Ave  Denver 80123
2018-BFN-0008924,Combined License,NA,Pending,12/6/18 9:31,"STATION A APARTMENTS AT GATEWAY, LLC",4550 N Kittredge St  Denver 
2018-BFN-0005932,Retail Food Establishment,Restaurant,Pending,8/10/18 9:04,A AND T LLC,2243 S Monaco Street Pkwy 107 Denver 
2019-BFN-0006499,"Parking Lot, Garage",NA,Pending,7/17/19 16:01,DENISON PARKING INC,3508  Delgany St  Denver 80216
2019-BFN-0001790,Combined License,NA,Pending,3/4/19 12:07,"1825 FORAGED, LLC",1825  Blake St 100 Denver 
2019-BFN-0005745,Combined License,NA,Pending,6/27/19 9:13,JPI VELO LLC,3481 S Fenton St  Denver 80227
2019-BFN-0005128,Short Term Rental,NA,Pending,6/7/19 14:03,ARTHUR ANDERSON,107 N Sherman ST  Denver 80203
2019-BFN-0007073,Liquor,Tastings,Pending,7/29/19 15:14,FORESTER LIQUORS LLC,1455 S Pearl St  Denver 80210
2019-BFN-0007231,Retail Food Establishment,Restaurant - Temporary,Pending,7/31/19 14:23,Milk & Cake,6345  East Hampden Ave    
2018-BFN-0008717,Child Care Center,NA,Pending,11/21/18 13:58,LARADON HALL FOR EXCEPTIONAL CHILDREN AND ADULTS,5100 N Lincoln St  Denver 80216
2019-BFN-0007102,Short Term Rental,NA,Pending,7/30/19 10:36,JOSH MILLER,1777  Chestnut PL 2024 Denver 80202
2018-BFN-0006445,Combined License,NA,Pending,8/28/18 15:31,MORROW VENTURES LLC,2020  LAWRENCE ST B DENVER 80202
2017-BFN-0007380,Retail Food Establishment,Restaurant - Drive-In,Pending,9/22/17 11:03,ALVARADO CONCEPTS LLC,1998 S FEDERAL BLVD  DENVER 80246
2018-BFN-0009255,Tree Service Company,NA,Pending,12/31/19 0:00,COLLIN DWYER,5594 N MESA DR  CASTLE ROCK 80108
2018-BFN-0008913,Combined License,NA,Pending,12/5/18 14:43,CRAZY MOUNTAIN BREWING COMPANY LLC,471 N Kalamath St  Denver 80204
2019-BFN-0006908,Short Term Rental,NA,Pending,7/25/19 18:14,JOSHUA BROWN,2930 W 24th AVE 1 Denver 80211
2016-BFN-0007029,Retail Marijuana Inf Prod Mfg,NA,Pending,10/13/16 14:12,"ZUNI WELLNESS CENTER, LLC",2675 S SANTA FE DR 6C DENVER 80223
2019-BFN-0006177,Swimming Pool,NA,Pending,7/9/19 15:37,REDPEAK PROPERTIES LLC,848 S Dexter St  Denver 80246
2019-BFN-0002862,Retail Food Establishment,Restaurant - Temporary,Pending,4/4/19 17:49,The Butter Barrel,4581  S. Swadley Ct.   Morrison 80465
2019-BFN-0001979,Food - Retail,"Milk, Dairy, Prepackaged Meats",Pending,3/8/19 12:25,"1555 CHAMPACO, LLC",1555  Champa St  Denver 80202
2018-BFN-0008487,Child Care Center,NA,Pending,11/8/18 10:13,KIDS SMART INC,1055 S Hazel Ct  Denver 80219
2019-BFN-0004561,Retail Food Establishment,Restaurant,Pending,5/22/19 12:37,TICI LLC,900 W Alameda Ave  Denver 80223
2019-BFN-0004943,Combined License,NA,Pending,6/3/19 14:28,CASA DON JUAN LLC,5106 N Washington St  Denver 80216
2019-BFN-0006189,Short Term Rental,NA,Pending,7/9/19 17:28,ALAN WILLIAMS,2418  Welton ST  Denver 80205
2019-BFN-0007212,Short Term Rental,NA,Pending,7/31/19 12:28,JOHN HAMRICK,3456 N Federal BLVD  Denver 80211
2019-BFN-0005167,Combined License,NA,Pending,6/10/19 13:39,MAINSPRING F&B LLC,3603  Walnut St  Denver 
2019-BFN-0006786,Combined License,NA,Pending,7/24/19 13:49,"CVS PHARMACY, INC.",7950 E Hampden Ave  Denver 
2018-BFN-0009069,Lodging Facility,NA,Pending,12/13/18 15:01,STAY ALFRED INC,2525  18th St  Denver 80211
2019-BFN-0006989,Short Term Rental,NA,Pending,7/26/19 15:54,ALEXANDRA MITCHELL,4129 N Zenobia ST  Denver 80212
2018-BFN-0007085,Retail Food Establishment,Restaurant,Pending,9/20/18 10:53,ALVARDO CONCEPTS LLC,3833 W 38th Ave  Denver 80211
2019-BFN-0002897,Tree Service Company,NA,Pending,12/31/19 0:00,STEVEN TOWELL,     DENVER 
2019-BFN-0005625,Swimming Pool,NA,Pending,6/24/19 12:52,TOPAZ AT INDIAN CREEK HOMEOWNERS ASSOCIATION,1885 S Quebec Way  Denver 80231
2019-BFN-0003995,Short Term Rental,NA,Pending,5/7/19 0:28,PETRUS TIMMERMANS,2820  Champa ST  Denver 80205
2019-BFN-0002991,Food - Retail,Multi-Use,Pending,4/9/19 14:32,1130 YUMA LLC,1130 N Yuma Ct  Denver 80204
2019-BFN-0001864,Short Term Rental,NA,Pending,3/6/19 10:20,BRIAN SIMMONS,2520  Kensing CT  Denver 80211
2019-BFN-0006882,Retail Food Establishment,Mobile,Pending,7/25/19 14:05,TACOS EL FRESNO LLC,4306  COOK ST  DENVER 
2019-BFN-0007228,Retail Food Establishment,Restaurant - Temporary,Pending,7/31/19 14:10,Euclid Hall,1317  4th    
2018-BFN-0008727,Retail Marijuana Inf Prod Mfg,NA,Pending,11/23/18 9:42,NUHI LLC,4929 N Ironton St  Denver 80239
2018-BFN-0005854,Retail Food Establishment,Restaurant,Pending,8/8/18 12:58,JOVANA YARA PEREZ,2902 W Jewell Ave  Denver 80219
2019-BFN-0004395,Combined License,NA,Pending,5/16/19 13:00,CL SLOANS LAKE LP,1550 N Raleigh St  Denver 80204
2019-BFN-0005162,Tree Service Company,NA,Pending,6/10/19 12:35,JEREMY LEE MARTINEZ,620 W 79TH PL  DENVER 80221
2019-BFN-0005402,Short Term Rental,NA,Pending,6/17/19 10:06,F LISTERMANN,2360  Glenarm PL  Denver 80205
2019-BFN-0005765,Food - Wholesale,"Produce, Bulk, Prepackaged",Pending,6/27/19 12:28,COMPAGNO LIMITED,4850 E 39th Ave  Denver 80207
2019-BFN-0005890,Short Term Rental,NA,Pending,7/1/19 14:30,PARKER LOWRY,1777  Chestnut  520 Denver 80202
2019-BFN-0006125,Food - Wholesale,"Produce, Bulk, Prepackaged",Pending,7/8/19 14:41,MISSION PRODUCE INC,4701 N Dahlia St  Denver 80216
2019-BFN-0002795,Tree Service Company,NA,Pending,12/31/19 0:00,ROBERT SPRINGER,     DENVER 
2018-BFN-0006426,Combined License,NA,Pending,8/28/18 11:34,2125 BUCHTEL LLC & ANCOR TRIVIUM LLC,2125 E Buchtel Blvd  Denver 80210
2019-BFN-0007234,Retail Food Establishment,Restaurant - Temporary,Pending,7/31/19 14:51,Mixing Bowl Cookie Dough,5580  South Parker Road    
2019-BFN-0006026,Retail Marij Opt. Prem. Cultiv,NA,Pending,7/5/19 11:15,NATURE MED INC,5105 E 38th  101-204 Denver 80207
2019-BFN-0006184,Short Term Rental,NA,Pending,7/9/19 16:22,MOLLY ACKER,8871 E 55th AVE  Denver 80238
2019-BFN-0000641,Tree Service Company,NA,Pending,12/31/19 0:00,PEDRO DELGADO,     DENVER 
2019-BFN-0006875,Short Term Rental,NA,Pending,7/25/19 13:02,MICHELLE GALINDO,18807 E Randolph PL  Denver 80249
2018-BFN-0008061,Combined License,NA,Pending,10/24/18 15:57,CARPCO LLC &  7-EVLEVAN INC,7260 E 36th Ave  Denver 
2017-BFN-0001772,Combined License,NA,Pending,3/10/17 16:01,CandR LLC,1360  27th St  Denver 
2019-BFN-0002956,Swimming Pool,NA,Pending,4/8/19 15:22,OAK PARK CONDOMINIUMS ASSOCIATION INC,10150 E Virginia Ave  Denver 80247
2019-BFN-0006019,Liquor,Special Events,Pending,7/5/19 9:59,ROCKY MOUNTAIN LIONS EYE BANK,2350  Arapahoe St  Denver 80205
2018-BFN-0008411,Combined License,NA,Pending,11/5/18 11:53,SAM'S WEST INC.,7805 E 35th Ave  Denver 80238
2019-BFN-0006392,Retail Food Establishment,Restaurant,Pending,7/15/19 14:43,ERNIES SNACK SHOP LLC,2859 N Humboldt St  Denver 80205
2019-BFN-0006468,Retail Marijuana Inf Prod Mfg,NA,Pending,7/17/19 10:07,NATURE MED INC,260  SANA FE DR  DENVER 80223
2019-BFN-0005363,Retail Food Establishment,Restaurant,Pending,6/14/19 11:17,CREMA LLC,2862  Larimer St  Denver 80205
2019-BFN-0005198,Combined License,NA,Pending,6/11/19 10:50,JSP VISTA LLC,4255 N Kittredge St  Denver 80239
2019-BFN-0004668,Combined License,NA,Pending,5/24/19 11:08,KARELY'S BAR #4 LLC,385 N Federal Blvd  Denver 80219
2019-BFN-0000016,Tree Service Company,NA,Pending,12/31/19 0:00,ARBORIST PRIME LLC,913  ARAPAHOE ST  GOLDEN 80401
2016-BFN-0007254,Food - Wholesale,"Produce, Bulk, Prepackaged",Pending,10/26/16 9:24,THE GROWHAUS,4751 N York St  Denver 80216
2017-BFN-0007466,Retail Food Establishment,Restaurant,Pending,9/27/17 9:42,ALVARADO CONCEPTS LLC,3259 S Parker Rd  Denver 80014
2019-BFN-0005712,Short Term Rental,NA,Pending,6/26/19 13:01,MICHELLE ANDERSON,2111 S Corona ST  Denver 80210
2019-BFN-0005474,Retail Food Establishment,Restaurant,Pending,6/19/19 12:26,THE PUFFIN MUFFIN,250 N Broadway  100 Denver 80203
2019-BFN-0004440,Combined License,NA,Pending,5/17/19 12:02,CO RAMEN 1 LLC,1710  Wynkoop St  Denver 80202
2019-BFN-0002751,Short Term Rental,NA,Pending,4/2/19 14:47,LAWRENCE LUJAN,2200 S Cherry ST  Denver 80222
2018-BFN-0008668,Boarding Home - Personal Care,NA,Pending,11/20/18 8:39,"WELLTOWER PEGASUS TENANT, LLC",4901 S Monaco St  Denver 80237
2019-BFN-0006186,Short Term Rental,NA,Pending,7/9/19 17:00,PATRICK DONLIN,3240 N Tejon ST 101 Denver 80211
2019-BFN-0004221,Retail Food Establishment,Mobile,Pending,5/13/19 9:19,FOOD CHOICES 02 LLC,15284 E PROGRESS PL  AURORA 80015
2001-BFN-22984,Combined License,NA,Pending,12/15/15 0:00,"I-70 SALOON, LLC",4570 N GLENCOE ST  DENVER 80216
2019-BFN-0002696,Body Art Est - Permanent,NA,Pending,4/1/19 12:40,NICK PUMA,4936 W 29th Ave  Denver 80212
2019-BFN-0006477,Retail Food Establishment,Restaurant - Temporary,Pending,7/17/19 12:26,University of Colorado Colorado Springs,1420  University of Colorado Colorado Springs   Colorado Springs 80918
2019-BFN-0007191,Liquor,Special Events,Pending,7/31/19 10:03,RINO GIVES BACK,2631  Larimer St  Denver 80205
2019-BFN-0004279,Retail Food Establishment,Restaurant,Pending,5/14/19 12:19,SORA YAKINIKU INC,4348 N Sheridan Blvd  Denver 80212
2019-BFN-0002733,Combined License,NA,Pending,4/2/19 11:32,"PANDAV 1945 FEDERAL, LLC",1945 N Federal Blvd  Denver 80204
2019-BFN-0001165,Combined License,NA,Pending,2/11/19 12:51,CARBOY WINERY AT GOVNRS PARK LLC,400 E 7th Ave  Denver 80203
2019-BFN-0005586,Short Term Rental,NA,Pending,6/21/19 15:56,COLIN BAILEY,3405 N Navajo ST  Denver 80211
2019-BFN-0005173,Combined License,NA,Pending,6/10/19 14:28,"IRET PROPERTIES, A NORTH DAKOTA LIMITED PARTNERSHIP",3201 N Brighton Blvd  Denver 80216
2019-BFN-0001702,Short Term Rental,NA,Pending,2/28/19 9:33,RYAN HAWES,3421 N Zuni ST  Denver 80211
2019-BFN-0001867,Combined License,NA,Pending,3/6/19 10:31,LITTLE RIVER COLLECTIVE LLC,918 W 1st Ave  Denver 80223
2018-BFN-0005940,Garage - Repair of Motor Vehic,NA,Pending,8/10/18 10:32,ABOVE THE REST MOTOR SPORTS,2290 N Oneida St  Denver 80207
2018-BFN-0009074,Lodging Facility,NA,Pending,12/13/18 15:21,STAY ALFRED INC,2200  Market St  Denver 80205
2019-BFN-0005199,Retail Food Establishment,Temporary Restaurant Events,Pending,6/11/19 11:02,tamayo,1400  Larimer St.   denver 80202
2019-BFN-0003550,Retail Marijuana Inf Prod Mfg,NA,Pending,4/24/19 10:39,VERV LLC,3988 N Ulster St  Denver 80207
2019-BFN-0001123,Retail Food Establishment,Mobile,Pending,2/8/19 14:05,MAGNUS CATERING LLC,2884 S JOPLIN CT  AURORA 80013
2018-BFN-0008448,Combined License,NA,Pending,11/6/18 15:40,THE OASIS LLC,10005 E Hampden Ave  Denver 80231
2019-BFN-0000898,Tree Service Company,NA,Pending,12/31/19 0:00,NICHOLAS LEWIS,9662 W CHATFIELD AVE D LITTLETON 80126
2018-BFN-0008309,Combined License,NA,Pending,10/31/18 13:52,"SIZZLING WINGS, LLC",2001 W Alameda Ave B Denver 80223
2018-BFN-0007567,Retail Marijuana Inf Prod Mfg,NA,Pending,10/5/18 9:22,VVS1R INC,2424 E 43rd Ave  Denver 80216
2019-BFN-0004627,Retail Food Establishment,Restaurant - Stand-Up,Pending,5/23/19 15:07,"THE JUICING TREE, LLC",1504 N Ivanhoe St  Denver 80220
2019-BFN-0005267,Food - Retail,Multi-Use,Pending,6/12/19 15:34,GOBRANDS INC,635 N Bryant St  Denver 80204
2019-BFN-0004957,Combined License,NA,Pending,6/4/19 8:56,BROADSTONE LOWRY LLC,82 N Uinta Way  Denver 
2018-BFN-0006958,Merchant Guard Company,NA,Pending,9/14/18 13:24,DESOUZA PROTECTIVE SERVICES LLC,9325 W 48TH AVE 5 WHEATRIDGE 80033
2019-BFN-0000690,Med Marijuana Inf Prod Manuf,NA,Pending,1/24/19 14:51,"OG MEDICINALS, LLC",4995 N Lima St  Denver 80239
2019-BFN-0004223,Garage - Repair of Motor Vehic,NA,Pending,5/13/19 10:20,GUTIERREZ AUTO INC,5190 N Clarkson St  Denver 80216
2019-BFN-0003514,Tree Service Company,NA,Pending,12/31/19 0:00,GABRIEL TADEO,9120  OSCEOLA ST  WESTMINSTER 80031
2019-BFN-0006906,Short Term Rental,NA,Pending,7/25/19 17:52,ANGELINA MILLER,1726 S Franklin ST  Denver 80210
2019-BFN-0004396,Combined License,NA,Pending,5/16/19 13:17,AURIGO CO,200 N Quebec St 100-101 Denver 80230
2018-BFN-0005357,Combined License,NA,Pending,7/18/18 13:00,KONTOR LLC,201 N Columbine St 300 Denver 80206
2019-BFN-0004334,Lodging Facility,NA,Pending,5/15/19 12:36,KIMLEE BM INC.,8500 E Colfax Ave  Denver 80220
2019-BFN-0006636,Combined License,NA,Pending,7/19/19 16:16,"MFREVF 11-LOWRY, LLC",8155 E Fairmount Dr  Denver 80230
2018-BFN-0007110,Combined License,NA,Pending,9/20/18 15:51,UNIVERSITY PARK TOWER,2225 E Buchtel Blvd  Denver 80210
2019-BFN-0006760,Retail Food Establishment,Restaurant - Temporary,Pending,7/24/19 10:37,Broadway Market,950  Broadway   Denver 80203
2019-BFN-0005510,Liquor,Retail,Pending,6/20/19 9:31,LODO LIQUOR & WINE LLC,360 W 13th Ave  Denver 80204
2019-BFN-0005049,Second Hand Dealer,NA,Pending,6/6/19 8:13,ECOATM LLC,5141  CHAMBERS RD  DENVER 80239-4231
2019-BFN-0002488,Retail Food Establishment,Restaurant,Pending,3/26/19 12:39,SODEXO  LIBERTY GLOBAL LLC,1550  Wewatta St 1000 Denver 80202
2018-BFN-0009101,Private Security Employer,NA,Pending,12/14/18 17:25,1111 Tower LLC,      
2018-BFN-0008168,Retail Food Establishment,Restaurant,Pending,10/29/18 12:36,SUGARMAMA'S LLC,1705 S Pearl St  Denver 80210
2019-BFN-0006443,Second Hand Dealer,NA,Pending,7/16/19 13:53,GUITAR CENTER STORES INC,1585 S Colorado Blvd  Denver 80222
2019-BFN-0003923,Combined License,NA,Pending,5/3/19 9:10,PBH BREAKERS LLC,9085 E Mississippi Ave  Denver 
2019-BFN-0002088,Retail Food Establishment,Restaurant,Pending,3/12/19 9:45,OCEDON IV LLC,302 S Sheridan Blvd  Denver 80226
2019-BFN-0007140,Dry Cleaning Establishment,NA,Pending,7/30/19 13:33,SLOANS LAKE LAUNDRY LLC,3519 W Colfax Ave B Denver 80204
2019-BFN-0006950,Liquor,Special Events,Pending,7/26/19 11:41,JMF CORPORATION,4180  Wynkoop St  Denver 
2019-BFN-0005925,Body Art Est - Temporary,NA,Pending,7/2/19 12:21,RITO RAMIREZ JR,4655 N Humboldt St  Denver 80216
2018-BFN-0008901,Tree Service Company,NA,Pending,12/31/19 0:00,MATTHEW SMITH,6297 S FRANKLIN ST  CENTENNIAL 80110
2019-BFN-0003168,Body Art Est - Permanent,NA,Pending,4/15/19 11:37,MR. TANKS TATTOOS,6640 E Colfax Ave  Denver 80220
2016-BFN-0005563,Liquor,Special Events,Pending,8/26/16 12:06,IVY COMMUNITY FUND,461411  BOX   AURORA 80046
2018-BFN-0005149,Combined License,NA,Pending,7/11/18 10:42,COMMON GROUND COLLECTIVE,205 E 7th Ave  Denver 
2019-BFN-0006080,Retail Food Establishment,Restaurant - Temporary,Pending,7/7/19 22:58,majorbros,13924  W. 65th Ave   Arvada 80004
2019-BFN-0006481,Retail Food Establishment,Mobile,Pending,7/17/19 13:16,GOLDEN GREEK FOODS 3 LLC,3260 S BIRCH ST  DENVER 80222
2018-BFN-0006561,Liquor,Art Gallery Permit,Pending,8/31/18 11:13,VICTORIA'S CHOCOLATES LLC,2615 E 3rd Ave  Denver 80206
2019-BFN-0000525,Tree Service Company,NA,Pending,12/31/19 0:00,LUKE LEFEBVRE,12778  IVANHOE ST  THORNTON 80602
2019-BFN-0005158,"Parking Lot, Garage",NA,Pending,6/10/19 11:17,CHESTNUT 20 HOTEL LLC,1999  Chestnut Pl  Denver 
2019-BFN-0003797,Tree Service Company,NA,Pending,12/31/19 0:00,ALEXANDER BUNTING,1325 S CHAMBERS RD  AURORA 80017
2019-BFN-0005878,Short Term Rental,NA,Pending,7/1/19 11:51,JOSHUA WELCH,20661 E Lackland PL  Denver 80249
2018-BFN-0008500,Med Marijuana Inf Prod Manuf,NA,Pending,11/8/18 15:21,NORTHWEST CONFECTIONS COLORADO LLC,2670 S Delaware St  Denver 80223
2019-BFN-0006453,Retail Food Establishment,Restaurant,Pending,7/16/19 15:11,SNACK LAND LLC,3133 W Alameda Ave  Denver 80219
2019-BFN-0003670,Liquor,Art Gallery Permit,Pending,4/26/19 14:03,HINENI LLC,1235 N Delaware St  Denver 80204
2019-BFN-0002851,Retail Food Establishment,Restaurant,Pending,4/4/19 15:28,COLORADO DEL II LLC,8100  NORTHFIELD BLVD  DENVER 80238
2019-BFN-0002956,Swimming Pool,NA,Pending,4/8/19 15:22,OAK PARK CONDOMINIUMS ASSOCIATION INC,3190 S VAUGHN WAY 550 DENVER 80247
2019-BFN-0005328,Combined License,NA,Pending,6/13/19 15:40,"TREMILO, LLC",2246  Larimer St  Denver 80205
2019-BFN-0006514,Retail Food Establishment,Restaurant - Temporary,Pending,7/18/19 10:05,Focus Points Traning and Business Center,2501  48th Ave   Denver 80216
2019-BFN-0005796,Short Term Rental,NA,Pending,6/27/19 16:44,MEGAN KATHLEEN DAM,2829 W Park PL  Denver 80219
2019-BFN-0004287,Retail Food Establishment,Restaurant - Stand-Up,Pending,5/14/19 14:26,DEITER'S CHOCOLATES LLC,4201 E YALE AVE 200 DENVER 80222
2019-BFN-0003651,Retail Food Establishment,Restaurant - Temporary,Pending,4/26/19 10:11,"Audra Miller, LLC",201 W Colfax AVE  Denver 80202
2018-BFN-0005865,Retail Food Establishment,Mobile,Pending,8/8/18 15:02,HIBACHI YAYA INC,2253 S BUCKLEY RD APT 201 AURORA 80013
2018-BFN-0005810,Combined License,NA,Pending,8/7/18 10:27,WALTERS LOWRY LLC,200 N Quebec St 200-109 Denver 80230
2018-BFN-0008537,Retail Food Establishment,Restaurant,Pending,11/13/18 10:27,DENVER DELI CO,5724 E Colfax Ave  Denver 80220
2019-BFN-0005171,Retail Food Establishment,Temporary Restaurant Events,Pending,6/10/19 14:26,Two Parts,2400  Curtis   Denver 80205
2019-BFN-0006296,Food - Retail,"Bakery, Deli",Pending,7/12/19 7:38,"THE MARSHALL RETAIL GROUP, LLC",8700  PENA BLVD  DENVER 
2018-BFN-0009258,Combined License,NA,Pending,12/21/18 11:23,"LEEVERS SUPERMARKETS, INC",4255 W Florida Ave  Denver 80219
2019-BFN-0001034,Kennel,NA,Pending,2/6/19 10:36,WELLHAVEN PETHEALTH CO LLC,5925 E Evans Ave 100 Denver 80222
2019-BFN-0006590,Retail Food Establishment,Restaurant,Pending,7/19/19 13:29,JIA LLC,571 N Santa Fe Dr  Denver 80204
2019-BFN-0007183,Liquor,Special Events,Pending,7/31/19 9:10,COLORADO RESTAURANT ASSOCIATION EDUCATION FUND,1000  Chopper Cir  Denver 80204
2018-BFN-0006872,Child Care Center,NA,Pending,9/12/18 11:56,"ROCKY MOUNTAIN S.E.R./JOBS FOR PROGRESS, INC.",501 N Raleigh St  Denver 80204
2019-BFN-0004473,Retail Food Establishment,Restaurant - Temporary,Pending,5/20/19 9:39,Moringa Infusions,4360  Otis Street   Wheat Ridge 80033
2019-BFN-0007067,Short Term Rental,NA,Pending,7/29/19 14:45,ERIC EICHLER,2535 N Gilpin ST  Denver 80205
2019-BFN-0002344,Combined License,NA,Pending,3/20/19 14:05,"POSTINO DENVER BROADWAY, LLC",145 N Broadway   Denver 80203
2019-BFN-0007205,Combined License,NA,Pending,7/31/19 11:48,CHESTNUT CONDOMINIUM ASSN INC,4899 S Dudley St  Denver 80123
2019-BFN-0007074,Short Term Rental,NA,Pending,7/29/19 15:21,JACOB CRAWLEY,165 S Corona ST  Denver 80209
2019-BFN-0003283,Combined License,NA,Pending,4/17/19 15:25,SKYPORT GROUP LLC,8900  Pena Blvd  Denver 80249
2019-BFN-0002923,Retail Food Establishment,Restaurant - Temporary,Pending,4/8/19 9:28,So Delicious Dairy Free,4911  N Deermeadow Dr   Peoria 61615
2019-BFN-0007027,Short Term Rental,NA,Pending,7/29/19 8:09,PETER SMITH,2540 N Clay ST  Denver 80211
2019-BFN-0006215,Retail Food Establishment,Mobile,Pending,7/10/19 12:48,PRECESSION LLC,168  QUANDRY RD  BRECKENRIDGE 80424
2019-BFN-0000086,Retail Food Establishment,Restaurant,Pending,1/4/19 10:59,"CLOUD GAZER, INC",1690  Champa St  Denver 80202
2019-BFN-0001097,Retail Food Establishment,Restaurant - Temporary,Pending,2/7/19 15:36,Five Star Culinary Connection,6440  Sky Pointe Dr    
2019-BFN-0005076,Short Term Rental,NA,Pending,6/6/19 15:34,DIANE WOLFSON,1850  Chestnut PL 208 Denver 
2019-BFN-0004404,Retail Food Establishment,Restaurant,Pending,5/16/19 14:17,LOST COFFEE LLC,2350 E Evans Ave  Denver 80210
2018-BFN-0009134,Boarding Home,NA,Pending,12/18/18 8:25,OPEN DOOR MINISTRIES,740 N Clarkson St  Denver 80218
2018-BFN-0009275,Combined License,NA,Pending,12/21/18 13:58,CH WOODSTREAM VILLAGE COMMUNITIES LLC,10150 E Harvard Ave  Denver 80231
2019-BFN-0007158,Combined License,NA,Pending,7/30/19 15:39,PR DENVER LOWRY LLC,8501 E Alameda Ave  Denver 80230
2018-BFN-0006339,Swimming Pool,NA,Pending,8/23/18 15:40,TRPF LINE 28 LLC,1560  Boulder St  Denver 80211
2017-BFN-0007465,Retail Food Establishment,Restaurant,Pending,9/27/17 9:39,ALVARADO CONCEPTS LLC,7150  Leetsdale Dr  Denver 80224
2018-BFN-0006423,Combined License,NA,Pending,8/28/18 10:45,CONFLUENCE APARTMENTS LLC,1441  Little Raven St  Denver 80202
2019-BFN-0007313,Short Term Rental,NA,Pending,8/1/19 11:55,ROSITA BIEL,1435 N Irving ST  Denver 80204
2019-BFN-0007193,Short Term Rental,NA,Pending,7/31/19 10:29,MAXWELL HACKER,2516 N High ST  Denver 80205
2018-BFN-0007445,Retail Marijuana Inf Prod Mfg,NA,Pending,10/1/18 13:11,CG INDUSTRY LLC,4902 E Smith Rd A Denver 80216
2019-BFN-0006755,Liquor,Special Events,Pending,7/24/19 9:41,RINO GIVES BACK,2615  Walnut St  Denver 80205
2019-BFN-0001033,Tree Service Company,NA,Pending,12/31/19 0:00,DANLEY TREE CARE,13402 W BELLWOOD AVE  MORRISON 80465
2019-BFN-0006737,Liquor,Special Events,Pending,7/23/19 15:39,DEAR JACK FOUNDATION,144 W Colfax Ave  Denver 80202
2018-BFN-0007854,Tree Service Company,NA,Pending,12/31/19 0:00,"RIVERDALE TREE SERVICES, LLC",7788  WCR 4   BRIGHTON 80603
2019-BFN-0007170,Short Term Rental,NA,Pending,7/30/19 19:20,MICHELLE PHELPS,4906 E Bates AVE  Denver 80222
2019-BFN-0005496,Retail Food Establishment,Restaurant,Pending,6/19/19 15:48,R&K SMOKED MEATS,4906 N Tower Rd 150 Denver 80249
2019-BFN-0004645,Food - Wholesale,"Fresh Meats, Fish, Caterers",Pending,5/24/19 8:27,"MILE HIGH KITCHEN, LLC",6625  Leetsdale Dr C Denver 80224
2019-BFN-0004862,Short Term Rental,NA,Pending,5/30/19 17:31,ZOEY KORTZ,5125 W 41st AVE  Denver 80212
2019-BFN-0005741,Retail Food Establishment,Restaurant,Pending,6/27/19 8:35,CBCC1 LLC,165 N Saint Paul St  Denver 
2019-BFN-0003349,Combined License,NA,Pending,4/18/19 16:04,WINDSOR ADVISERS LLC,1145 S Broadway   Denver 80210
2019-BFN-0001663,Combined License,NA,Pending,2/27/19 8:34,SAGE TPS LLC,685 N Speer Blvd  Denver 80204
2019-BFN-0001561,Combined License,NA,Pending,2/22/19 15:05,"LB CHERRY CREEK, LLC",255 N Saint Paul St  Denver 
2019-BFN-0006051,Short Term Rental,NA,Pending,7/5/19 14:05,JOHN STRITCH,3264  Larimer ST  Denver 80205
2019-BFN-0006231,Short Term Rental,NA,Pending,7/10/19 15:27,"KENNETH O""DONNELL",1800  15th ST 107 Denver 80202
2019-BFN-0004786,Combined License,NA,Pending,5/29/19 14:24,SHF1 CARRIAGE PLACE LLC,4875 S DTC Blvd  Denver 
2019-BFN-0006093,Tree Service Company,NA,Pending,7/8/19 11:27,ROBERT FORD,     DENVER 
2018-BFN-0009264,Combined License,NA,Pending,12/21/18 12:06,HOOK & REEL DENVER INC,7407 E 36th Ave  Denver 80238
2019-BFN-0002781,Retail Food Establishment,Restaurant,Pending,4/3/19 10:41,JOE MAXX COFFE - CO LLC,3550 W 38th Ave 80 Denver 
2019-BFN-0003272,Combined License,NA,Pending,4/17/19 12:29,BELL FOUND VI DENVER TECH LLC,4380 S Monaco St  Denver 80237
2019-BFN-0001413,Boarding Home - Personal Care,NA,Pending,2/19/19 12:59,WELL TOWER PEGASUS TENANT LLC,8101 E Mississippi Ave  Denver 80247
2019-BFN-0002267,Private Security Employer,NA,Pending,3/18/19 16:29,Youth WIth A Vision,      
2019-BFN-0005661,Short Term Rental,NA,Pending,6/25/19 9:15,JENNY NAUSED,1570 S Garfield ST  Denver 80210
2019-BFN-0005747,Swimming Pool,NA,Pending,6/27/19 9:21,MVI MODERN LLC,6301 W Hampden Ave  Denver 80227
2019-BFN-0004908,Retail Food Establishment,Restaurant - Temporary,Pending,5/31/19 15:57,Elevated Mushrooms Inc.,4551  s. Logan st.   Engelwood 80113
2019-BFN-0004335,Food - Retail,"Bakery, Deli",Pending,5/15/19 12:38,"SAFEWAY STORES 45, INC",2797 S Monaco Street Pkwy  Denver 
2019-BFN-0001043,Child Care Home,NA,Pending,2/6/19 11:54,TREASURE ISLAND TINY TOTS DAY CARE,4708 N Truckee St  Denver 80249
2019-BFN-0006251,Retail Food Establishment,Restaurant,Pending,7/11/19 10:52,INTONGKAM BROTHERS LLC,2637 W 26th Ave  Denver 80211
2018-BFN-0009261,Combined License,NA,Pending,12/21/18 11:53,"LEEVERS SUPERMARKETS, INC",2630 W 38th AVE 103 Denver 
2018-BFN-0008462,Combined License,NA,Pending,11/7/18 11:33,"SAM'S WEST, INC",4827 S Wadsworth Way  Denver 80123
2018-BFN-0009388,Tree Service Company,NA,Pending,12/28/18 12:17,WOOD CHUCK TREE SERVICE'S,240 S MONACO PKWY 205D DENVER 
2019-BFN-0005879,Private Security Employer,NA,Pending,7/1/19 12:05,"Alutiiq Diversified Services, LLC",      
2018-BFN-0000282,Retail Marijuana Store,NA,Pending,1/17/18 9:23,MHFS LLC,2563  15th  103 Denver 80211
2018-BFN-0007731,Kennel,NA,Pending,10/12/18 8:28,"PETSMART, INC",7505 E 35th Ave 301 Denver 80238
2018-BFN-0009283,Combined License,NA,Pending,12/21/18 15:16,LEEVERS SUPERMARKET INC,2630 W 38th  101 Denver 
2019-BFN-0000616,Retail Food Establishment,Mobile,Pending,1/22/19 14:47,SOUTHERN DUO LLC,     DENVER 
2019-BFN-0006408,Combined License,NA,Pending,7/16/19 8:38,LITTLE RIVER COLLECTIVE LLC,925 W 9th Ave  Denver 80204
2019-BFN-0006396,Combined License,NA,Pending,7/15/19 15:35,CAKE CRUMBS BAKERY & CAFE INC,2216 N Kearney St  Denver 80207
2019-BFN-0005635,Retail Food Establishment,Restaurant,Pending,6/24/19 14:20,"THE NOODLE SHOP CO-COLORADO, INC",8555 W Belleview Ave 2624 Denver 80123
2019-BFN-0005997,Short Term Rental,NA,Pending,7/3/19 15:28,ZACHARY BLOOM,2636 N Colorado BLVD  Denver 80207
2018-BFN-0006337,Swimming Pool,NA,Pending,8/23/18 15:22,GLENDALE PROPERTIES II LLC,1251 S Bellaire St  Denver 80246
2019-BFN-0003257,Retail Food Establishment,Restaurant,Pending,4/17/19 9:56,RB COLORADO LLC,1480 S Colorado Blvd  Denver 80222
2019-BFN-0002482,Combined License,NA,Pending,3/26/19 11:38,EZ INVESTMENTS,1744  Platte St  Denver 80202
2018-BFN-0009178,Tree Service Company,NA,Pending,12/31/19 0:00,JAMES BARRETT,1435  LIPAN ST  DENVER 80204
2019-BFN-0006724,Liquor,Special Events,Pending,7/23/19 13:54,"CAPITOL HILL UNITED NEIGHBORHOODS,INC",1007 N York St  Denver 80206
2019-BFN-0006940,Short Term Rental,NA,Pending,7/26/19 10:40,NICOLE KRZYMINSKI,1527 S Ash ST  Denver 80222
2019-BFN-0002115,Tree Service Company,NA,Pending,3/12/19 13:33,WILLIAM JOHNSTON,7826  UNIVERSITY WAY  CENTENNIAL 80122
2019-BFN-0004278,Combined License,NA,Pending,5/14/19 12:06,"KAFFE COLORADO, LLC",1750  Wewatta St 170 Denver 
2019-BFN-0003598,Short Term Rental,NA,Pending,4/24/19 21:21,ELMER STEINHALL,1946 W 33rd AVE  Denver 80211
2019-BFN-0000143,Retail Food Establishment,Restaurant,Pending,1/7/19 13:55,UNDER THE UMBRELLA CAFE AND BAKERY LLC,3507 E 12th Ave  Denver 
2019-BFN-0006551,Retail Marijuana Store,NA,Pending,7/18/19 14:55,PHOENIX CORP,2895 W 8th Ave  Denver 80204
2017-BFN-0005055,Retail Marijuana Inf Prod Mfg,NA,Pending,7/11/17 11:21,KAYAVIDA LLC,1221 N Pecos ST 110 Denver 80204
2019-BFN-0004621,Swimming Pool,NA,Pending,5/23/19 14:22,"ADVENIR LIVING, LLC",3550 S Kendall St  Denver 80235
2019-BFN-0004306,Short Term Rental,NA,Pending,5/14/19 18:27,GENEVIEVE KLEIN,1207 E 26th AVE  Denver 80205
2019-BFN-0002073,Combined License,NA,Pending,3/11/19 16:08,"CVS PHARMACY, INC",750  16th St  Denver 80202
2018-BFN-0008106,Retail Food Establishment,Restaurant - Stand-Up,Pending,10/25/18 15:59,W&S LLC,3926 N Tennyson St  Denver 80212
2019-BFN-0001015,Retail Food Establishment,Restaurant,Pending,2/5/19 15:49,CLASSIC EATS DELI INC,3910 W Colfax Ave  Denver 80204
2019-BFN-0006705,Swimming Pool,NA,Pending,7/23/19 10:01,PEMBROOKE OWNER LLC,10700 E Dartmouth Ave  Denver 80014
2019-BFN-0003419,Short Term Rental,NA,Pending,4/19/19 19:03,MICHAEL MCELVEEN,2034 N Federal BLVD  Denver 80211
2019-BFN-0004561,Retail Food Establishment,Restaurant,Pending,5/22/19 12:37,TICI LLC,24422  AVENIDA DE LA CARLOTA   LAGUNA HILLS 92653
2019-BFN-0004081,Retail Food Establishment,Restaurant,Pending,5/9/19 10:13,JSQUARED SCOOPS LLC,2339 E Evans Ave  Denver 80210
2019-BFN-0003080,Private Security Employer,NA,Pending,4/11/19 14:24,Revel Social,      
2019-BFN-0006444,Liquor,Special Events,Pending,7/16/19 13:59,ENERGY OUTREACH COLORADO,1455 S Pearl St  Denver 80210
2019-BFN-0003871,Retail Food Establishment,Restaurant - Temporary,Pending,5/2/19 11:26,Alchemy Roast,2048  W. Butler Dr   Chandler 85224
2019-BFN-0005521,Retail Food Establishment,Restaurant,Pending,6/20/19 12:11,RIVARD ENTERPRISES LIMITED,6366 E Evans Ave A Denver 80222
2019-BFN-0006930,Second Hand Dealer,NA,Pending,7/26/19 9:59,DISCOUNT VAC & SEW LLC,4995  Leetsdale Dr  Denver 80246
2019-BFN-0006223,Short Term Rental,NA,Pending,7/10/19 14:05,MICHELLE GALINDO,18807 E Randolph PL  Denver 80249
2019-BFN-0006868,Short Term Rental,NA,Pending,7/25/19 11:41,BOSTON WEIR,3030 N Saint Paul ST  Denver 80205
2019-BFN-0006756,Retail Food Establishment,Restaurant,Pending,7/24/19 9:56,QUEEN CITY ROASTING COMPANY,2962  Welton St  Denver 80205
2019-BFN-0004540,Retail Food Establishment,Restaurant - Temporary,Pending,5/22/19 8:59,The Meat Up,1056  Buttercup Road   Elizabeth 80107
2019-BFN-0003108,Food - Retail,"Milk, Dairy, Prepackaged Meats",Pending,4/12/19 9:39,WALGREEN CO.,2870 S Colorado Blvd  Denver 80222
2019-BFN-0000088,Retail Food Establishment,Restaurant,Pending,1/4/19 11:36,DRAGONS YOLK LLC,2905 W Alameda Ave  Denver 80219
2019-BFN-0000878,Combined License,NA,Pending,1/30/19 16:19,MARQUIS AT PARKWAY,1170 N Galapago St  Denver 80204
2018-BFN-0008827,Food - Retail,"Bakery, Deli",Pending,11/30/18 14:21,ANASTASIAS BAKERY LLC,1350 S Sheridan Blvd 7 Denver 80232
2019-BFN-0007055,Short Term Rental,NA,Pending,7/29/19 13:03,NICHOLO NERI,1316 N Emerson ST  Denver 80218
2019-BFN-0003790,Tree Service Company,NA,Pending,4/30/19 12:58,SEAN DOMONKOS,9837  ROCK DOVE LN  HIGHLANDS RANCH 80129
2019-BFN-0004020,Retail Food Establishment,Restaurant - Temporary,Pending,5/7/19 13:53,GMR Marketing LLC,5000  S. Towne Dr.   New Berlin 53151
2019-BFN-0003523,Short Term Rental,NA,Pending,4/23/19 15:07,NICHOLA KHUU,4305 E Florida AVE  Denver 80222
2019-BFN-0002973,Combined License,NA,Pending,4/9/19 10:07,ANISE INC,865 N Lincoln St  Denver 80203
2019-BFN-0001406,Retail Food Establishment,Restaurant,Pending,2/19/19 12:13,SODEXO AMERICA LLC,2222 S High St  Denver 80210
2019-BFN-0007284,Short Term Rental,NA,Pending,8/1/19 10:45,DARREN GRAVES,118 S Holly ST  Denver 80246
2019-BFN-0006207,Liquor,Special Events,Pending,7/10/19 10:53,CLYFFORD STILL MUSEUM,1250 N Bannock St  Denver 80204
2019-BFN-0007047,Retail Food Establishment,Restaurant,Pending,7/29/19 12:15,SHINS MNGMT INC,450 N Broadway   Denver 80203
2018-BFN-0004395,Retail Marijuana Store,NA,Pending,6/21/18 6:54,CG INDUSTRY LLC,2440 W Evans Ave  Denver 80219
2019-BFN-0001351,"Parking Lot, Garage",NA,Pending,2/15/19 14:35,"LAZ PARKING MIDWEST, LLC",950  17th St  Denver 80202
2019-BFN-0005493,Swimming Pool,NA,Pending,6/19/19 15:27,"CWP FOREST COVE, LLC",3446 S Akron St  Denver 80231
2019-BFN-0007088,Short Term Rental,NA,Pending,7/30/19 9:00,BRETT ATKINSON,902 S Washington ST  Denver 80209
2019-BFN-0001340,Tree Service Company,NA,Pending,12/31/19 0:00,SUPER TREES INC,5185  EMERSON ST  DENVER 80216
2019-BFN-0001719,Food - Retail,Multi-Use,Pending,2/28/19 12:24,"CARNICERIA LA SIERRA, INC",3170 W Alameda Ave  Denver 80219
2019-BFN-0002543,Retail Food Establishment,Restaurant - Temporary,Pending,3/27/19 12:48,Little Flower Colorado Hemp Company,18512  65.00 Rd.   Montrose 81403
2019-BFN-0007333,Short Term Rental,NA,Pending,8/1/19 12:36,TIGIST LAKEW,19637 E 39th AVE  Denver 80249
2019-BFN-0004946,Food - Wholesale,"Packaged, Bottled, Canned",Pending,6/3/19 15:02,"GROSS & HAJJ, INC",5708 E Colfax Ave  Denver 80220
2019-BFN-0006398,Child Care Center,NA,Pending,7/15/19 15:52,SUNRISE SUNSET MTR LLC,2900 S Ivan Way  Denver 80227
2018-BFN-0006936,Garage - Repair of Motor Vehic,NA,Pending,9/14/18 9:58,JBRE CO LLC,592 S Broadway   Denver 80209
2019-BFN-0003421,Short Term Rental,NA,Pending,4/20/19 2:41,IRYNA FEDYASH,18917 E 57th PL  Denver 80249
2018-BFN-0009201,Retail Food Establishment,Restaurant,Pending,12/19/18 16:04,TORTAS GRILL INC,1818 E Colfax Ave  Denver 80218
2018-BFN-0009034,Retail Food Establishment,Mobile,Pending,12/12/18 12:32,HOTDOGS! LLC,13558  RARITAN WAY  WESTMINSTER 80234
2019-BFN-0002581,Boarding Home - Personal Care,NA,Pending,3/28/19 12:07,MITCH B. CORP,3289 N Grove St  Denver 80211
2019-BFN-0007130,Short Term Rental,NA,Pending,7/30/19 12:34,BRYCE TANNER,1453 N Williams ST  Denver 80218
2019-BFN-0007153,Short Term Rental,NA,Pending,7/30/19 15:11,RYAN PROPST,1777  Chestnut PL 1125 Denver 80202
2018-BFN-0005573,Child Care Center,NA,Pending,7/27/18 10:10,SPRINGBOARD @ SOAR,4800 N Telluride St 5 Denver 
2018-BFN-0006066,Retail Food Establishment,Restaurant,Pending,8/15/18 12:45,LIVE100CONSULTING,4956 E Colfax Ave  Denver 80220
2019-BFN-0006492,Child Care Center,NA,Pending,7/17/19 15:01,DENVER PUBLIC SCHOOLS,5677 N Galena St  Denver 80238
2019-BFN-0006799,Liquor,Special Events,Pending,7/24/19 14:45,ARCHETYPOS CENTER FOR SPIRITUAL HEALING,2155 S Sheridan Blvd  Denver 80227
2018-BFN-0009428,Retail Food Establishment,Restaurant,Pending,12/31/18 11:01,"RB COLORADO, LLC",8850 E Hampden Ave  Denver 80231
2018-BFN-0007055,Body Art Est - Permanent,NA,Pending,9/19/18 12:43,RYAN YATES,918 W 6th Ave  Denver 80204
2019-BFN-0001660,Short Term Rental,NA,Pending,2/26/19 18:53,TESSA WARNER,693 S Lowell BLVD  Denver 80219
2019-BFN-0003111,Retail Food Establishment,Restaurant - Stand-Up,Pending,4/12/19 10:11,PRANA INC,223  PO BOX   ARVADA 80001
2018-BFN-0009345,Retail Food Establishment,Restaurant,Pending,12/27/18 11:41,LAKESIDE VISTA LLC,1859 S Pearl St  Denver 80210
2018-BFN-0007441,Med Marijuana Inf Prod Manuf,NA,Pending,10/1/18 12:44,VVS1R INC,2424 E 43rd Ave  Denver 80216
2019-BFN-0005981,Short Term Rental,NA,Pending,7/3/19 13:28,ADAM WALLACE,1980  18th ST 715 Denver 80202
2019-BFN-0006263,Private Security Employer,NA,Pending,7/11/19 12:40,Oculus Systems LLC,      
2019-BFN-0003482,Food - Retail,"Bakery, Deli",Pending,4/23/19 10:28,THREE CLUB NUTRITION,1355 N Pearl St  Denver 80203
2019-BFN-0002354,Short Term Rental,NA,Pending,3/20/19 18:50,ALEX NEIR,2145 N Eliot ST  Denver 80211
2019-BFN-0006508,Private Security Employer,NA,Pending,7/17/19 22:23,Cobra Security Company,      
2019-BFN-0005894,Liquor,Special Events,Pending,7/1/19 14:49,HENRY GRAHAM IMAGES ART INTERNATIONAL,1917  Market St  Denver 80202
2019-BFN-0003461,Retail Food Establishment,Restaurant - Temporary,Pending,4/22/19 15:26,4.22.19 Test,201  Colfax   Denver 80220
2019-BFN-0002527,Short Term Rental,NA,Pending,3/27/19 9:46,ELISA ALVARADO,444 N Bannock ST  Denver 80204
2019-BFN-0001221,Combined License,NA,Pending,2/12/19 14:43,CHI LIVING COMMUNITIES,2825 W 32nd Ave  Denver 80211
2019-BFN-0000420,Garage - Repair of Motor Vehic,NA,Pending,1/14/19 14:44,A&E TIRE INC,3855 E 52nd Ave  Denver 80216
2018-BFN-0009139,Tree Service Company,NA,Pending,12/18/18 9:35,MANNY'S TREE SERVICE,2915 W 4TH AVE  DENVER 80219
2019-BFN-0007202,Retail Food Establishment,Restaurant - Temporary,Pending,7/31/19 11:15,Butcher's Bistro,2233  Larimer ST  Denver 80205
2019-BFN-0007250,Short Term Rental,NA,Pending,7/31/19 16:50,GISELLE BELL,1777  Chestnut PL 510 Denver 80202
2018-BFN-0006274,Combined License,NA,Pending,8/21/18 15:42,"MAINSPRING F&B, LLC",1615  Platte  135 & 145 Denver 
2019-BFN-0006437,Liquor,Special Events,Pending,7/16/19 13:30,UNDERDOGS,144 W Colfax Ave  Denver 80202
2019-BFN-0001725,Swimming Pool,NA,Pending,2/28/19 13:14,"BRE AVALANCHE PROPERTY OWNER, LLC",3699 S Monaco Street Pkwy  Denver 
2019-BFN-0006917,Retail Food Establishment,Restaurant - Temporary,Pending,7/26/19 8:28,SMOKE TESTING,5576  VALDAI    
2019-BFN-0005677,Retail Food Establishment,Restaurant,Pending,6/25/19 13:28,CARPENTERS COFFEE HOUSE LLC,2721 E 3rd Ave  Denver 80206
2019-BFN-0003557,Swimming Pool,NA,Pending,4/24/19 11:18,WILDHORSE RIDGE HOA,5800 N Tower Rd 25 Denver 
2019-BFN-0006867,Short Term Rental,NA,Pending,7/25/19 11:30,ASHLEY GEISEL,2312  Curtis ST  Denver 80205
2019-BFN-0005203,Retail Food Establishment,Restaurant,Pending,6/11/19 12:40,CJ 9TH & COLORADO LLC,955 N Albion St  Denver 
2019-BFN-0004389,Retail Marijuana Inf Prod Mfg,NA,Pending,5/16/19 12:24,SIMPLY PURE EDIBLES COLORADO LLC,2160 S Lipan St  Denver 80223
2019-BFN-0007135,Burglar Alarm System Company,NA,Pending,7/30/19 13:07,"B & D SECURITY, INC",9120  NORWALK BLVD  SANTA FE SPRINGS 90706
2019-BFN-0006889,Short Term Rental,NA,Pending,7/25/19 15:23,CHARLES BRYANT REBER,3328 N Shoshone ST  Denver 80211
2019-BFN-0007329,Short Term Rental,NA,Pending,8/1/19 12:25,KATHRYN FITCH,4571 N Alcott ST  Denver 80211
2019-BFN-0006015,Liquor,Special Events,Pending,7/5/19 8:47,SAFE HARBOR LAB RESCUE,2000 W 8th Ave  Denver 80204
2019-BFN-0004578,Food - Retail,Multi-Use,Pending,5/22/19 16:09,"PANADERIA MEXICO, INC",3637 W 1st Ave  Denver 80219
2019-BFN-0003929,Retail Food Establishment,Mobile,Pending,5/3/19 11:13,DOS MARES CO,12232 E ARKANSAS PL  AURORA 80012
2019-BFN-0005724,Tree Service Company,NA,Pending,12/31/19 0:00,HUNTER TOWNSEND,15681  HURON ST  BROOMFIELD 80023
2018-BFN-0008544,Combined License,NA,Pending,11/13/18 12:44,"UNIVERSITY DEVELOPMENTS, LLC",2450 S University Blvd  Denver 80210
2018-BFN-0007636,Retail Food Establishment,Restaurant,Pending,10/9/18 9:54,"LEROUX BISTRO, LLC",1555  Blake St 102 Denver 80202
2019-BFN-0001530,Combined License,NA,Pending,2/22/19 8:50,ANNE PATTON,2940 W 25th Ave  Denver 80211
2019-BFN-0007095,Short Term Rental,NA,Pending,7/30/19 9:57,ELIZABETH FROEHLKE,2240 N Clay ST 409 Denver 80211
2019-BFN-0006679,Liquor,Special Events,Pending,7/22/19 13:37,ST JOSEPH POLISH CATHOLIC PARISH IN DENVER,517 E 46th Ave  Denver 80216
2019-BFN-0006696,Private Security Employer,NA,Pending,7/22/19 19:58,Tercio Elite Consulting,      
2019-BFN-0006688,Liquor,Special Events,Pending,7/22/19 15:21,DONNIE KEELER MEMORIAL FOUNDATION,3111  Larimer St  Denver 80205
2019-BFN-0002113,Retail Food Establishment,Restaurant,Pending,3/12/19 13:09,WHEELER RESTAURANT GROUP LLC,4875 N Federal Blvd  Denver 80221
2019-BFN-0004172,Food - Retail,"Bakery, Deli",Pending,5/10/19 12:52,"TWIN STAR ENERGY, LLC",4880 N Federal Blvd  Denver 80221
2019-BFN-0004330,Retail Food Establishment,Mobile,Pending,5/15/19 12:09,TACOS DOMINGUEZ,19548  RANDOLPH PL  DENVER 80249
2019-BFN-0001208,Retail Food Establishment,Restaurant,Pending,2/12/19 12:40,TWISTED ROOT LLC,114 S Broadway   Denver 80209
2018-BFN-0005914,Garage - Repair of Motor Vehic,NA,Pending,8/9/18 15:00,CULICHI GARAGE,995 N Federal Blvd  Denver 80204
2019-BFN-0005818,Short Term Rental,NA,Pending,6/28/19 10:16,ROBERT DEREK HITCHCOCK,1540 N Magnolia ST  Denver 80220
2019-BFN-0005145,Short Term Rental,NA,Pending,6/9/19 7:24,LORI OVERTON,1221 N Perry ST  Denver 
2019-BFN-0005112,Combined License,NA,Pending,6/7/19 11:02,IMP MCR HILL VENTURE LLC,1200 N Grant St  Denver 80203
2018-BFN-0008402,Private Security Employer,NA,Pending,11/2/18 18:29,"Professional Security Consultants, INC",      
2019-BFN-0004291,Retail Food Establishment,Restaurant - Temporary,Pending,5/14/19 15:30,BrainJuice LLC,3616  Far West Blvd. Ste. 117 #223   Austin 78731
2019-BFN-0003907,Lodging Facility,NA,Pending,5/2/19 16:03,GUILD TRAVEL INC,1750  Little Raven St  Denver 80202
2019-BFN-0001311,Tree Service Company,NA,Pending,12/31/19 0:00,TRAVIS BENGE,2545 S Humboldt St  Denver 80210
2019-BFN-0007245,Private Security Employer,NA,Pending,7/31/19 15:41,CUS DENVER LLC,      
2016-BFN-0007253,Food - Retail,Multi-Use,Pending,10/26/16 9:19,THE GROWHAUS,4751 N York St  Denver 80216
2019-BFN-0005843,Short Term Rental,NA,Pending,6/28/19 15:08,JOEL PACE,1528 N Harrison ST  Denver 80206
2019-BFN-0005899,Swimming Pool,NA,Pending,7/1/19 15:32,1177 YORK COMPANY LLC,1177 N York St  Denver 80206
2019-BFN-0003673,Liquor,Special Events,Pending,4/26/19 15:03,CHOKI,621 N Kalamath St  Denver 80204
2019-BFN-0001724,Retail Food Establishment,Mobile,Pending,2/28/19 13:10,THE MEAT UP LLC,1056  BUTTERCUP RD  ELIZABETH 80107
2019-BFN-0006005,Private Security Employer,NA,Pending,7/3/19 17:33,"BrightStar Protective Services, Inc.",      
2019-BFN-0007299,Liquor,Special Events,Pending,8/1/19 11:29,RINO GIVES BACK,2750  Blake St  Denver 80205
2019-BFN-0006944,Retail Food Establishment,Mobile,Pending,7/26/19 10:57,7-ELEVEN INC/TRILOGY LLC,5601  DEMOCRACY DR 105 PLANO 75024
2019-BFN-0006788,Private Security Employer,NA,Pending,7/24/19 14:05,Black Rhino Security and Training Academy LLC,      
2019-BFN-0004072,Combined License,NA,Pending,5/9/19 8:53,TOWN CENTER METRO DISTRICT,5223 N Espana St  Denver 80249
2019-BFN-0005849,Child Care Center,NA,Pending,6/28/19 16:08,CHILDREN'S GARDEN LEARNING ACADEMY INC,2800 N Race St  Denver 80205
2019-BFN-0004923,Food - Wholesale,"Produce, Bulk, Prepackaged",Pending,6/3/19 9:27,BELLISSIMO DISTRIBUTION LLC,3755  Wazee St  Denver 80216
2019-BFN-0005540,Retail Food Establishment,Restaurant,Pending,6/20/19 14:26,SNAP A JUICE LLC,2520 N Sheridan Blvd  Denver 80214
2019-BFN-0006719,Retail Food Establishment,Restaurant,Pending,7/23/19 13:13,LOS ALAMBRES MEXICAN RESTAURANT LLC,4460  Morrison Rd  Denver 80219
2018-BFN-0008872,Combined License,NA,Pending,12/4/18 12:56,SOLO GAS LLC,2690 S Monaco Street Pkwy  Denver 
2019-BFN-0002240,Retail Food Establishment,Restaurant,Pending,3/18/19 10:50,LAS MONAS PANADERIA Y PIZZERIA,3137 W Kentucky Ave B Denver 80219
2019-BFN-0005447,Retail Food Establishment,Restaurant - Temporary,Pending,6/18/19 16:35,Advanced Fresh Concepts Franchise Corp.,19205  South Laurel Park Rd.   Rancho Dominguez 90220
2019-BFN-0004235,Short Term Rental,NA,Pending,5/13/19 12:35,BERNADETTE BOGENSCHUTZ,1777  Chestnut PL 901 Denver 
2019-BFN-0000835,Retail Food Establishment,Restaurant - Temporary,Pending,1/30/19 7:39,Hall Family Foods Inc,909  East 32nd Ave   Hutchinson 67502
2019-BFN-0001555,Retail Food Establishment,Mobile,Pending,2/22/19 14:23,LET'S MANGO COMPANY,190 W RAFFERTY GARDENS AVE 2 LITTLETON 80120
2018-BFN-0009177,"Parking Lot, Garage",NA,Pending,12/19/18 10:02,DU PARKING AND MOBILITY SERVICE,2030 S York St  Denver 
2017-BFN-0001772,Combined License,NA,Pending,3/10/17 16:01,CandR LLC,2660  WALNUT ST  DENVER 80205
2018-BFN-0007140,Garage - Repair of Motor Vehic,NA,Pending,9/21/18 12:31,LATINOS AUTO GLASS LLC,280 N Federal Blvd  Denver 80219
2018-BFN-0005934,Garage - Repair of Motor Vehic,NA,Pending,8/10/18 9:11,AIM LEASING COMPANY,960 W 48th Ave  Denver 80221
2018-BFN-0003376,Swimming Pool,NA,Pending,5/24/18 13:43,ADVENIR LIVING,3227 S Parker Rd  Denver 80014
2017-BFN-0008218,Retail Marijuana Store,NA,Pending,10/26/17 14:11,CO-AGRONOMICS LLC,4414 N VINE ST  DENVER 80216
2019-BFN-0005873,Short Term Rental,NA,Pending,7/1/19 10:36,BLAKE JONES,915  26th ST  Denver 80205
2019-BFN-0002087,Retail Food Establishment,Restaurant,Pending,3/12/19 9:33,OCEDON RESTAURANT MANAGEMENT LLC,7313 E Colfax Ave  Denver 80220
2018-BFN-0009303,Lodging Facility,NA,Pending,12/24/18 12:35,"CREA-FLYWHEEL EVANS LANDCO, LLC",4500 E Evans Ave  Denver 80222
2019-BFN-0001484,Retail Food Establishment,Restaurant,Pending,2/21/19 9:35,PRIME KEBAB AND PIZZA LLC,2127 S Sheridan Blvd A Denver 80227
2019-BFN-0006467,Garage - Repair of Motor Vehic,NA,Pending,7/17/19 10:07,MIERS AUTOMOTIVE LLC,1451 E Bruce Randolph Ave  Denver 80205
2019-BFN-0006470,Food - Wholesale,"Fresh Meats, Fish, Caterers",Pending,7/17/19 10:45,MACHETE LLC,10101 E Hampden Ave 109 Denver 80231
2019-BFN-0006843,Retail Food Establishment,Restaurant - Temporary,Pending,7/24/19 17:33,"Radical Sasquatch Dumpling Company, LLC",4034  S. Carson St. 205   Aurora 80014
2019-BFN-0000282,Junk Yard Dealer,NA,Pending,1/10/19 9:17,DENVER SCRAP METAL RECYCLE CENTER INC,4920 N Washington St  Denver 80216
2019-BFN-0005607,Retail Food Establishment,Restaurant,Pending,6/24/19 9:35,"KYOTO RAMEN, INC",1617  California St  Denver 80202
2019-BFN-0003845,Retail Food Establishment,Restaurant - Temporary,Pending,5/1/19 17:17,"Feed Everyone Ferments, LLC",2546  Vine Place   Boulder 803040992
2018-BFN-0008251,Combined License,NA,Pending,10/30/18 14:19,COMPASS GROUP USA INC,1670 N Broadway   Denver 80202
2019-BFN-0007242,Liquor,Special Events,Pending,7/31/19 15:16,BALLPARK NEIGHBORHOOD ASSOCIATION INC,21  BETWEEN LARIMER & LAWRENCE   DENVER 80205
2019-BFN-0006819,Retail Food Establishment,Mobile,Pending,7/24/19 16:09,JM BURRITOS CORP,832 N Wolff St  Denver 80204
2019-BFN-0005569,Combined License,NA,Pending,6/21/19 12:30,LUXURY INN DOWNTOWN LLC,2728 N Zuni St  Denver 80211
2019-BFN-0000970,Boarding Home - Personal Care,NA,Pending,2/4/19 11:30,SCS ASISTED LIVING DENVER INC,941 S Fulton St  Denver 80247
2018-BFN-0008490,"Parking Lot, Garage",NA,Pending,11/8/18 12:11,"ARAPAHOE SQUARE HOLDINGS, LLC",2120  Arapahoe St  Denver 
2019-BFN-0006748,Private Security Employer,NA,Pending,7/23/19 19:14,Roman Security LLC.,      
2018-BFN-0008900,Tree Service Company,NA,Pending,12/31/19 0:00,LUKE PETERS,550  BEDFORD RD  BEDFORD HILLS 10507
2019-BFN-0005714,Private Security Employer,NA,Pending,6/26/19 13:43,JCJ National Security,      
2019-BFN-0002886,Swimming Pool,NA,Pending,4/5/19 11:58,GRIFFIS RESIDENTIAL LLC,2975 N Huron St  Denver 80202
2019-BFN-0006791,Retail Food Establishment,Restaurant - Temporary,Pending,7/24/19 14:21,Miette et Chocolat,3173  S. Wilding   Denver 80231
2019-BFN-0002247,Private Security Employer,NA,Pending,3/18/19 13:03,The Whitestone Group Inc,      
2019-BFN-0002107,Retail Food Establishment,Restaurant,Pending,3/12/19 11:25,OCEDON COMPANIES IV,7650 W Quincy Ave  Denver 80123
2019-BFN-0000602,Garage - Repair of Motor Vehic,NA,Pending,1/22/19 13:03,GOOD SPEED AUTO REPAIR LIMITED,4655 W Kentucky Ave  Denver 80219
2019-BFN-0000342,Tree Service Company,NA,Pending,12/31/19 0:00,SAMUAL BENEDICT,3135  ENDICOTT DR  BOULDER 80305
2019-BFN-0007106,Tree Service Company,NA,Pending,7/30/19 11:04,LUCAS YEHLE,18691 E BROWN PL  DENVER 80013